OrderID,CustomerName,Email,Phone,Region,Category,OrderDate,Quantity,UnitPrice
5348,Elizabeth Wilson,elizabeth.wilson14@example.com,(893) 503-4128,East,Electronics,2025-04-10,5.0,191.58
5562,John Brown,john.brown82@example.com,(528) 512-2543,East,Apparel,2025-07-26,2.0,100.95
5505,Linda Gonzalez,linda.gonzalez86@example.com,Unknown,West,Beauty,2025-02-26,1.0,176.89
5740,Jennifer Jackson,jennifer.jackson77@example.com,(794) 412-9397,South,Apparel,2025-08-19,2.0,190.41
5356,Michael Gonzalez,michael.gonzalez45@example.com,(312) 256-6212,South,Home & Living,2025-05-24,8.0,12.2
5821,Karen Anderson,karen.anderson78@example.com,Unknown,South,Beauty,2025-08-25,4.0,298.34
5777,James Hernandez,james.hernandez81@example.com,(761) 207-9585,Central,Home & Living,2025-05-19,5.0,158.93
5753,Jessica Thomas,jessica.thomas63@example.com,(544) 801-7106,West,Home & Living,2025-06-25,7.0,274.7
5259,Jennifer Anderson,jennifer.anderson14@example.com,(798) 943-8345,East,Apparel,2025-10-01,7.0,120.18
5303,Patricia Taylor,patricia.taylor26@example.com,(965) 608-3041,Central,Electronics,2025-05-07,7.0,236.6
5267,William Williams,william.williams79@example.com,(774) 587-1101,East,Beauty,2025-06-27,8.0,52.66
5237,Michael Taylor,michael.taylor30@example.com,(979) 347-8655,Central,Electronics,2025-02-22,7.0,201.47
5788,Jennifer Brown,jennifer.brown82@example.com,(776) 721-3162,South,Beauty,2025-07-14,3.0,37.14
5012,James Gonzalez,james.gonzalez20@example.com,(502) 715-9029,Central,Apparel,2025-06-28,6.0,226.27
5628,William Brown,william.brown21@example.com,(562) 568-1767,Central,Electronics,2025-05-10,8.0,109.86
5262,Jennifer Hernandez,jennifer.hernandez51@example.com,(265) 245-6727,East,Beauty,2025-03-28,6.0,158.93
5487,James Jackson,jamesjackson,(900) 684-9817,North,Home & Living,2025-01-14,6.0,105.84
5470,Robert Jackson,robert.jackson73@example.com,(995) 858-2934,West,Apparel,2025-08-23,5.0,160.67
5714,Linda Jones,Unknown,(451) 284-8606,South,Apparel,2025-03-16,6.0,179.56
5421,David Gonzalez,david.gonzalez47@example.com,(577) 527-4730,Central,Beauty,2025-07-31,7.0,298.13
5177,Joseph Smith,joseph.smith75@example.com,(582) 573-3825,South,Beauty,2025-02-26,5.0,267.44
5597,Karen Lopez,karen.lopez11@example.com,(580) 504-5042,Central,Electronics,2025-05-31,2.0,27.87
5208,Thomas Smith,Unknown,(711) 606-2808,North,Apparel,2025-01-13,1.0,117.04
5422,James Taylor,james.taylor41@example.com,Unknown,North,Apparel,2025-06-02,8.0,141.8
5013,Charles Brown,charles.brown26@example.com,(525) 873-7885,Central,Home & Living,2025-06-29,5.0,28.47
5440,John Moore,john.moore90@example.com,(617) 873-7969,East,Electronics,2025-01-24,6.0,144.71
5695,Charles Hernandez,Unknown,(210) 779-7077,West,Apparel,2025-05-11,6.0,158.93
5575,Jennifer Martin,jennifer.martin13@example.com,(618) 270-7006,Central,Apparel,2025-02-18,7.0,129.31
5557,Thomas Smith,thomas.smith87@example.com,(959) 360-9878,East,Apparel,2025-08-18,4.0,21.55
5335,John Brown,john.brown36@example.com,(588) 504-8251,Central,Apparel,2025-01-29,4.0,94.63
5444,Linda Anderson,linda.anderson9@example.com,(794) 526-1873,Central,Apparel,2025-08-08,1.0,20.89
5180,Elizabeth Davis,elizabeth.davis4@example.com,(627) 310-7551,Central,Beauty,2025-02-14,3.0,62.76
5385,Karen Lopez,karen.lopez81@example.com,(550) 491-1165,North,Beauty,2025-01-29,5.0,43.12
5345,Michael Thomas,michael.thomas75@example.com,(635) 712-6040,South,Electronics,2025-07-16,3.0,65.22
5282,Barbara Rodriguez,barbara.rodriguez4@example.com,(803) 733-5531,Central,Apparel,2025-07-03,1.0,97.26
5229,Linda Smith,linda.smith35@example.com,(605) 514-2421,North,Home & Living,2025-07-05,5.0,211.51
5152,Robert Wilson,robert.wilson6@example.com,(782) 564-3823,West,Electronics,2025-03-10,5.0,26.63
5674,David Anderson,davidanderson,(609) 578-7349,East,Electronics,2025-07-23,7.0,207.68
5355,Thomas Jackson,thomas.jackson20@example.com,(236) 735-7129,West,Electronics,2025-06-07,4.0,80.84
5729,Patricia Smith,patricia.smith29@example.com,(461) 947-2217,South,Apparel,2025-08-13,3.0,91.78
5323,Linda Lopez,linda.lopez4@example.com,(331) 488-8218,North,Apparel,2025-04-20,5.0,37.56
5297,Susan Williams,susan.williams56@example.com,(916) 867-3460,Central,Electronics,2025-05-15,3.0,164.61
5609,Mary Jackson,mary.jackson47@example.com,(872) 880-6356,North,Apparel,2025-03-12,3.0,188.36
5311,William Anderson,william.anderson37@example.com,(733) 221-3539,Central,Beauty,2025-01-14,2.0,132.41
5364,Elizabeth Martin,elizabeth.martin98@example.com,(666) 527-3005,North,Electronics,2025-06-24,7.0,285.29
5380,Mary Thomas,mary.thomas76@example.com,Unknown,East,Beauty,2025-07-21,1.0,142.76
5029,Jennifer Wilson,jennifer.wilson76@example.com,(509) 954-3283,West,Electronics,2025-08-08,4.0,20.3
5060,Richard Hernandez,richard.hernandez36@example.com,(320) 709-8690,South,Home & Living,2025-07-13,8.0,17.57
5783,Elizabeth Garcia,elizabeth.garcia36@example.com,(303) 761-6666,East,Home & Living,2025-03-02,5.0,82.57
5166,Charles Anderson,charles.anderson25@example.com,Unknown,Central,Electronics,2025-04-20,1.0,34.26
5179,Mary Martinez,mary.martinez46@example.com,(316) 666-6229,West,Home & Living,2025-07-02,2.0,242.13
5149,Jennifer Jackson,jennifer.jackson24@example.com,(222) 882-4297,South,Apparel,2025-03-05,5.0,258.24
5538,Susan Garcia,susan.garcia88@example.com,(490) 869-4214,Central,Home & Living,2025-01-06,5.0,188.56
5471,Jessica Thomas,jessica.thomas37@example.com,(593) 785-5161,South,Apparel,2025-03-24,8.0,73.18
5743,Charles Moore,charles.moore62@example.com,(570) 787-9056,West,Electronics,2025-03-16,7.0,168.78
5554,William Thomas,william.thomas25@example.com,(571) 388-3274,East,Home & Living,2025-06-18,5.0,285.56
5344,Richard Martin,richard.martin1@example.com,(639) 650-6582,South,Beauty,2025-04-16,3.0,80.41
5826,William Johnson,william.johnson91@example.com,(988) 952-7732,East,Apparel,2025-05-07,3.0,41.01
5061,David Wilson,david.wilson71@example.com,(725) 609-9042,East,Apparel,2025-05-20,4.0,117.81
5592,Jennifer Jackson,jennifer.jackson21@example.com,(690) 789-2397,South,Apparel,2025-07-26,5.0,184.4
5770,Patricia Miller,patricia.miller77@example.com,Unknown,Central,Home & Living,2025-07-01,5.0,199.56
5361,Jennifer Anderson,jennifer.anderson47@example.com,(229) 836-1287,North,Beauty,2025-01-02,1.0,293.25
5772,Sarah Jackson,sarah.jackson74@example.com,(382) 741-1264,Central,Beauty,2025-08-01,1.0,255.57
5200,William Lopez,william.lopez53@example.com,(664) 679-1806,North,Home & Living,2025-04-15,6.0,229.12
5706,Richard Jones,richard.jones5@example.com,(548) 444-6295,North,Beauty,2025-01-04,3.0,72.89
5525,David Lopez,david.lopez75@example.com,(949) 384-8025,Central,Apparel,2025-04-30,6.0,265.91
5289,Jennifer Hernandez,jennifer.hernandez57@example.com,(822) 782-7242,East,Beauty,2025-07-28,3.0,132.34
5759,Elizabeth Hernandez,elizabeth.hernandez88@example.com,(620) 656-6067,East,Beauty,2025-01-21,4.0,216.41
5332,Linda Martin,linda.martin90@example.com,(450) 531-1893,Central,Electronics,2025-01-22,2.0,271.18
5366,David Martin,david.martin79@example.com,(993) 997-9842,West,Beauty,2025-04-18,8.0,61.29
5426,Elizabeth Rodriguez,elizabeth.rodriguez43@example.com,(502) 329-4745,Central,Home & Living,2025-01-01,1.0,20.17
5270,Michael Brown,michael.brown18@example.com,Unknown,East,Beauty,2025-08-15,4.0,33.08
5425,Barbara Gonzalez,barbara.gonzalez19@example.com,(564) 769-3045,West,Apparel,2025-08-21,7.0,65.77
5453,Richard Jackson,richard.jackson4@example.com,(368) 444-2898,West,Apparel,2025-05-23,8.0,294.76
5787,Joseph Jackson,joseph.jackson95@example.com,(445) 789-4895,West,Beauty,2025-08-06,7.0,246.58
5276,William Rodriguez,william.rodriguez33@example.com,(288) 869-2697,Central,Electronics,2025-04-14,4.0,129.61
5209,Richard Jackson,richard.jackson23@example.com,(354) 541-7914,Central,Electronics,2025-06-24,8.0,288.09
5194,Jennifer Brown,jenniferbrown,(444) 390-3720,East,Home & Living,2025-07-06,1.0,24.94
5708,Jessica Jackson,jessica.jackson3@example.com,(859) 292-3056,North,Home & Living,2025-04-05,6.0,220.77
5845,Barbara Hernandez,barbara.hernandez13@example.com,(434) 272-9196,Central,Home & Living,2025-04-14,3.0,39.6
5782,Mary Martinez,mary.martinez40@example.com,(889) 248-2269,East,Electronics,2025-05-11,8.0,245.88
5501,Linda Jackson,Unknown,(316) 265-9047,North,Home & Living,2025-06-04,3.0,211.45
5214,Thomas Martin,thomas.martin90@example.com,(396) 342-9469,Central,Beauty,2025-01-26,5.0,86.45
5331,Thomas Miller,thomas.miller38@example.com,(865) 484-1190,Central,Apparel,2025-05-02,8.0,158.93
5396,David Martinez,david.martinez16@example.com,(390) 602-7188,East,Apparel,2025-02-26,8.0,230.37
5448,Karen Rodriguez,karen.rodriguez52@example.com,(860) 293-5856,South,Beauty,2025-02-05,8.0,154.85
5749,Linda Thomas,linda.thomas38@example.com,(638) 641-5512,Central,Beauty,2025-06-01,2.0,218.77
5134,Sarah Martinez,sarah.martinez42@example.com,(308) 734-6869,West,Apparel,2025-03-10,8.0,272.77
5347,Sarah Taylor,sarah.taylor3@example.com,(457) 298-6839,Central,Home & Living,2025-06-26,2.0,10.96
5446,David Martin,david.martin63@example.com,(218) 973-1180,East,Electronics,2025-03-21,1.0,158.93
5197,Michael Garcia,michael.garcia77@example.com,Unknown,North,Home & Living,2025-05-09,1.0,33.52
5407,Charles Johnson,charles.johnson11@example.com,(524) 824-3351,North,Home & Living,2025-06-02,7.0,132.44
5738,Robert Lopez,robert.lopez85@example.com,(619) 509-8394,West,Beauty,2025-07-30,2.0,221.4
5719,Barbara Rodriguez,Unknown,(759) 987-4503,West,Electronics,2025-04-26,8.0,130.24
5073,Karen Thomas,karen.thomas61@example.com,Unknown,South,Home & Living,2025-07-26,5.0,169.75
5072,Elizabeth Thomas,elizabeth.thomas29@example.com,(724) 391-4997,East,Beauty,2025-04-24,7.0,113.7
5837,William Rodriguez,william.rodriguez84@example.com,(256) 327-5254,Central,Beauty,2025-09-06,2.0,14.69
5595,Charles Lopez,charles.lopez96@example.com,(751) 788-8858,South,Electronics,2025-05-17,4.0,283.82
5710,Patricia Wilson,patricia.wilson15@example.com,(647) 265-6567,North,Beauty,2025-06-21,7.0,219.63
5359,David Rodriguez,Unknown,(842) 756-2520,South,Apparel,2025-06-27,5.0,158.93
5360,Jennifer Thomas,jennifer.thomas51@example.com,Unknown,East,Home & Living,2025-04-23,3.0,70.71
5428,Jennifer Johnson,jennifer.johnson78@example.com,(602) 940-1164,Central,Home & Living,2025-04-28,2.0,137.64
5545,Susan Miller,susan.miller75@example.com,(418) 350-2695,South,Beauty,2025-07-29,7.0,237.85
5342,Susan Martin,susan.martin78@example.com,(380) 890-8378,Central,Beauty,2025-02-22,3.0,91.52
5449,Charles Wilson,charles.wilson68@example.com,(238) 860-4992,East,Electronics,2025-01-09,5.0,213.5
5833,James Taylor,james.taylor77@example.com,(274) 221-7793,Central,Apparel,2025-07-13,1.0,87.45
5038,Mary Williams,mary.williams38@example.com,(494) 798-2481,West,Apparel,2025-03-29,8.0,200.22
5613,Sarah Wilson,sarah.wilson16@example.com,(440) 231-2401,West,Electronics,2025-11-04,4.0,215.8
5369,Patricia Martinez,patricia.martinez15@example.com,(511) 958-1856,South,Apparel,2025-01-22,4.0,91.19
5024,Mary Brown,mary.brown28@example.com,(945) 560-9725,East,Apparel,2025-07-06,7.0,32.7
5204,David Thomas,david.thomas16@example.com,(414) 386-5497,East,Home & Living,2025-03-04,6.0,192.8
5085,Joseph Miller,joseph.miller50@example.com,(701) 230-3004,South,Apparel,2025-08-02,6.0,242.46
5514,Robert Johnson,robert.johnson22@example.com,(906) 624-8186,South,Electronics,2025-10-08,8.0,92.84
5118,Thomas Anderson,thomas.anderson41@example.com,(245) 306-5467,North,Electronics,2025-01-23,6.0,216.84
5534,Charles Anderson,charles.anderson53@example.com,(646) 345-8528,West,Apparel,2025-06-26,8.0,270.79
5842,Thomas Martinez,thomas.martinez8@example.com,(859) 533-9439,North,Home & Living,2025-05-06,8.0,178.07
5616,Robert Miller,robert.miller15@example.com,(402) 774-6479,Central,Home & Living,2025-02-13,4.0,11.19
5668,Richard Gonzalez,richard.gonzalez10@example.com,(253) 957-2621,South,Home & Living,2025-04-08,4.0,258.42
5750,Joseph Moore,joseph.moore18@example.com,(570) 955-5342,North,Apparel,2025-08-11,6.0,21.01
5139,Sarah Lopez,sarah.lopez30@example.com,Unknown,East,Electronics,2025-01-08,3.0,71.23
5850,John Rodriguez,john.rodriguez1@example.com,(735) 281-5973,East,Beauty,2025-06-27,4.0,62.12
5808,Barbara Thomas,barbara.thomas79@example.com,(214) 287-1668,Central,Electronics,2025-02-14,4.0,76.26
5127,Karen Moore,karen.moore20@example.com,(776) 478-4078,South,Beauty,2025-04-21,3.0,179.98
5504,Thomas Johnson,thomasjohnson,(782) 368-1761,East,Apparel,2025-04-01,8.0,283.99
5620,Linda Rodriguez,linda.rodriguez58@example.com,(573) 360-6053,South,Electronics,2025-01-07,1.0,104.13
5582,James Garcia,james.garcia9@example.com,(509) 471-6066,West,Electronics,2025-03-23,7.0,156.81
5840,John Brown,john.brown14@example.com,(746) 656-1234,East,Apparel,2025-02-26,2.0,199.11
5758,Karen Rodriguez,karen.rodriguez12@example.com,(387) 995-3924,West,Home & Living,2025-08-01,1.0,178.18
5353,Patricia Hernandez,patricia.hernandez49@example.com,(821) 599-4495,East,Beauty,2025-04-11,8.0,290.57
5424,Jennifer Lopez,jennifer.lopez94@example.com,(748) 627-9172,North,Home & Living,2025-03-30,8.0,66.6
5767,Joseph Miller,joseph.miller65@example.com,(260) 810-5591,North,Beauty,2025-02-23,7.0,34.66
5728,Elizabeth Hernandez,elizabeth.hernandez3@example.com,(222) 249-2488,North,Apparel,2025-02-14,6.0,223.43
5705,Sarah Jackson,sarah.jackson42@example.com,(847) 299-6166,Central,Home & Living,2025-08-18,2.0,240.69
5647,Sarah Wilson,sarah.wilson23@example.com,(649) 601-8261,East,Home & Living,2025-03-09,1.0,139.13
5489,Thomas Jackson,thomas.jackson74@example.com,(413) 878-4146,South,Home & Living,2025-06-23,6.0,70.36
5662,Jennifer Martinez,jennifer.martinez4@example.com,(360) 814-5316,East,Beauty,2025-01-13,1.0,158.93
5704,Elizabeth Hernandez,elizabeth.hernandez18@example.com,(230) 477-9688,North,Home & Living,2025-03-26,5.0,105.74
5652,Thomas Brown,thomas.brown82@example.com,(546) 918-3613,Central,Apparel,2025-07-23,2.0,208.65
5455,Joseph Jones,joseph.jones95@example.com,(740) 976-9869,East,Home & Living,2025-08-26,7.0,93.19
5667,Richard Davis,richard.davis52@example.com,(895) 537-4070,North,Apparel,2025-01-21,7.0,297.76
5601,Robert Brown,robert.brown43@example.com,(569) 219-7127,East,Beauty,2025-08-22,6.0,127.6
5300,Robert Jones,robert.jones85@example.com,(493) 652-2040,South,Electronics,2025-07-03,4.0,137.57
5784,Jessica Smith,jessica.smith52@example.com,(434) 823-2971,West,Apparel,2025-08-05,2.0,249.01
5231,Charles Brown,charlesbrown,(811) 632-9572,West,Electronics,2025-05-16,2.0,296.71
5843,Thomas Davis,thomas.davis56@example.com,(824) 483-8821,East,Home & Living,2025-05-25,6.0,152.88
5676,Patricia Williams,patricia.williams69@example.com,(654) 854-3332,South,Apparel,2025-01-02,7.0,147.9
5619,Elizabeth Wilson,elizabeth.wilson59@example.com,(859) 717-7754,South,Beauty,2025-08-26,4.0,128.93
5577,Robert Williams,robert.williams33@example.com,(956) 712-4694,Central,Home & Living,2025-07-29,8.0,289.27
5251,James Martin,jamesmartin,(214) 309-5053,North,Apparel,2025-07-22,7.0,146.91
5386,Thomas Jackson,thomas.jackson75@example.com,(962) 213-1185,West,Electronics,2025-07-05,2.0,230.79
5343,Michael Smith,michael.smith54@example.com,(560) 222-4782,North,Beauty,2025-02-05,6.0,236.9
5427,John Gonzalez,johngonzalez,(844) 308-4327,Central,Electronics,2025-08-05,5.0,126.22
5435,Michael Johnson,michael.johnson86@example.com,(930) 679-3063,Central,Electronics,2025-01-16,8.0,268.83
5600,Robert Anderson,Unknown,(721) 285-3103,West,Beauty,2025-08-13,4.0,268.55
5510,Sarah Wilson,sarah.wilson48@example.com,(956) 482-1873,East,Home & Living,2025-07-09,6.0,12.8
5043,William Miller,william.miller66@example.com,(370) 870-8054,South,Electronics,2025-07-30,4.0,154.79
5391,John Jones,john.jones71@example.com,(535) 639-7346,South,Electronics,2025-04-05,7.0,269.83
5124,Patricia Jackson,patricia.jackson3@example.com,(973) 846-7253,South,Beauty,2025-01-07,4.0,299.2
5790,Mary Jones,Unknown,(639) 565-4065,West,Apparel,2025-06-25,7.0,110.11
5836,Elizabeth Williams,elizabeth.williams8@example.com,(762) 387-4069,East,Beauty,2025-05-03,4.0,186.44
5482,Joseph Anderson,joseph.anderson65@example.com,(723) 459-6527,East,Home & Living,2025-04-25,5.0,255.56
5761,William Garcia,william.garcia32@example.com,(575) 450-3796,West,Electronics,2025-03-02,5.0,122.23
5135,Patricia Jones,patricia.jones22@example.com,(737) 805-4761,West,Home & Living,2025-08-22,8.0,50.95
5573,Jennifer Martinez,jennifer.martinez17@example.com,(486) 511-9023,West,Electronics,2025-06-13,6.0,72.13
5053,William Thomas,william.thomas9@example.com,(750) 374-1183,South,Home & Living,2025-08-10,2.0,255.82
5105,Karen Brown,karen.brown59@example.com,(866) 427-4282,Central,Beauty,2025-02-03,4.0,30.49
5004,Patricia Moore,patricia.moore63@example.com,(227) 295-3604,South,Apparel,2025-03-16,8.0,155.41
5160,Mary Martinez,mary.martinez51@example.com,(940) 673-6542,East,Apparel,2025-04-16,4.0,247.84
5294,Susan Lopez,susan.lopez30@example.com,(936) 412-5258,South,Beauty,2025-03-25,4.0,215.91
5643,Sarah Lopez,sarah.lopez42@example.com,(353) 367-5568,Central,Beauty,2025-01-04,2.0,142.03
5546,Barbara Lopez,barbara.lopez3@example.com,(370) 941-6744,Central,Electronics,2025-12-03,5.0,99.26
5213,Patricia Taylor,patricia.taylor79@example.com,(748) 570-3509,West,Beauty,2025-07-16,6.0,172.97
5130,Mary Brown,mary.brown15@example.com,Unknown,East,Apparel,2025-03-16,8.0,49.69
5755,Richard Hernandez,richard.hernandez62@example.com,(991) 213-5447,North,Electronics,2025-08-19,4.0,263.27
5739,Jessica Hernandez,jessica.hernandez15@example.com,(818) 909-7484,South,Apparel,2025-05-19,5.0,141.36
5506,Linda Martin,linda.martin66@example.com,(306) 978-6083,North,Apparel,2025-07-14,2.0,169.3
5756,Charles Williams,charles.williams63@example.com,(349) 527-6880,East,Electronics,2025-04-04,3.0,299.74
5533,Barbara Williams,barbara.williams11@example.com,(671) 666-9439,North,Apparel,2025-07-29,1.0,217.47
5605,Sarah Moore,sarah.moore4@example.com,(837) 485-3302,West,Electronics,2025-01-03,7.0,158.93
5296,Sarah Jones,sarah.jones75@example.com,(876) 968-1337,West,Electronics,2025-05-16,6.0,30.07
5452,John Martinez,john.martinez93@example.com,(856) 990-4587,West,Apparel,2025-05-11,1.0,114.06
5820,Michael Williams,michael.williams54@example.com,(593) 369-6333,North,Electronics,2025-04-23,6.0,58.86
5503,John Taylor,john.taylor18@example.com,(460) 980-4901,North,Apparel,2025-12-06,7.0,191.26
5683,John Martinez,Unknown,(866) 465-7279,Central,Apparel,2025-08-12,4.0,190.49
5371,Susan Gonzalez,susan.gonzalez26@example.com,(443) 653-1808,East,Electronics,2025-04-05,1.0,214.3
5109,Michael Wilson,michael.wilson61@example.com,(786) 371-1806,Central,Electronics,2025-06-18,5.0,283.16
5034,Barbara Wilson,barbara.wilson57@example.com,(220) 858-8453,East,Home & Living,2025-07-13,8.0,218.5
5133,Joseph Taylor,joseph.taylor40@example.com,(576) 614-9965,South,Beauty,2025-07-25,8.0,90.73
5395,Barbara Rodriguez,barbara.rodriguez76@example.com,(477) 471-3632,Central,Apparel,2025-03-08,5.0,273.72
5513,James Taylor,james.taylor8@example.com,(848) 409-2988,North,Apparel,2025-01-02,5.0,207.37
5587,James Moore,james.moore70@example.com,(630) 375-9645,East,Beauty,2025-06-08,1.0,141.68
5067,Linda Moore,linda.moore10@example.com,(466) 241-3276,Central,Beauty,2025-01-01,1.0,149.2
5150,Jessica Jones,jessicajones,(730) 808-5439,Central,Electronics,2025-07-21,7.0,16.06
5132,Michael Williams,michael.williams81@example.com,(925) 281-1705,West,Electronics,2025-01-03,4.0,200.78
5268,John Thomas,john.thomas36@example.com,(580) 800-7057,West,Electronics,2025-08-23,4.0,220.48
5493,William Hernandez,Unknown,(631) 796-3826,West,Beauty,2025-07-16,2.0,181.04
5248,Jennifer Williams,jennifer.williams29@example.com,(835) 424-1557,West,Electronics,2025-01-26,2.0,246.26
5817,Linda Gonzalez,linda.gonzalez98@example.com,(698) 994-4628,Central,Beauty,2025-03-13,7.0,17.49
5631,Barbara Johnson,barbara.johnson40@example.com,(448) 331-7878,North,Electronics,2025-02-11,4.0,102.25
5726,Jennifer Martin,jennifer.martin90@example.com,(583) 216-8487,North,Apparel,2025-08-18,6.0,147.49
5098,Joseph Garcia,joseph.garcia13@example.com,(961) 258-9157,South,Electronics,2025-05-01,8.0,276.21
5476,David Lopez,david.lopez94@example.com,(408) 203-4027,Central,Beauty,2025-06-20,6.0,187.18
5776,Thomas Wilson,thomas.wilson72@example.com,(994) 848-1417,South,Electronics,2025-07-04,2.0,87.86
5185,Mary Gonzalez,mary.gonzalez63@example.com,(856) 984-7345,Central,Home & Living,2025-07-24,7.0,108.32
5793,Barbara Garcia,barbara.garcia29@example.com,(538) 684-3166,East,Beauty,2025-07-04,1.0,100.39
5490,Elizabeth Garcia,elizabeth.garcia5@example.com,(623) 476-2240,West,Apparel,2025-05-04,1.0,199.26
5167,Jennifer Williams,jennifer.williams38@example.com,(499) 722-1050,East,Electronics,2025-05-26,8.0,47.41
5830,David Jackson,david.jackson43@example.com,(811) 924-7261,East,Home & Living,2025-01-09,6.0,96.12
5154,Linda Thomas,linda.thomas6@example.com,(543) 927-4620,South,Apparel,2025-12-01,7.0,246.58
5164,Susan Wilson,susan.wilson2@example.com,(216) 208-5783,East,Apparel,2025-04-06,5.0,46.25
5387,James Taylor,james.taylor29@example.com,(814) 384-5895,Central,Apparel,2025-02-06,2.0,145.54
5046,Barbara Lopez,barbaralopez,(229) 377-6322,North,Apparel,2025-03-29,3.0,238.83
5301,James Smith,james.smith22@example.com,(971) 792-9739,East,Beauty,2025-04-18,3.0,57.5
5121,Elizabeth Wilson,Unknown,(466) 924-8280,South,Home & Living,2025-07-20,5.0,277.69
5588,James Brown,james.brown81@example.com,(266) 746-1975,East,Apparel,2025-08-17,5.0,54.87
5090,Richard Wilson,richard.wilson32@example.com,(287) 234-2176,South,Electronics,2025-02-21,2.0,189.44
5796,Mary Jones,mary.jones21@example.com,(572) 877-3859,North,Beauty,2025-02-17,3.0,166.91
5108,Joseph Moore,Unknown,(739) 948-6437,North,Apparel,2025-07-02,8.0,143.63
5434,David Hernandez,davidhernandez,(998) 537-3402,South,Home & Living,2025-02-05,5.0,134.07
5762,Charles Miller,charles.miller84@example.com,(550) 941-1488,East,Apparel,2025-04-12,4.0,39.59
5680,Mary Wilson,mary.wilson84@example.com,Unknown,Central,Electronics,2025-05-24,8.0,294.96
5245,Jessica Johnson,jessica.johnson59@example.com,(766) 428-2617,East,Apparel,2025-01-05,4.0,113.48
5531,Michael Brown,michaelbrown,(916) 416-4855,South,Apparel,2025-01-11,1.0,230.77
5823,Joseph Jones,joseph.jones72@example.com,(291) 972-5800,Central,Beauty,2025-06-07,7.0,274.21
5036,Karen Garcia,Unknown,(448) 424-2577,North,Electronics,2025-02-01,4.0,213.12
5574,Elizabeth Davis,elizabeth.davis84@example.com,(587) 345-3627,East,Electronics,2025-01-07,8.0,84.49
5457,Jessica Miller,jessica.miller79@example.com,(884) 394-1549,South,Electronics,2025-03-11,5.0,225.43
5393,Jessica Hernandez,jessica.hernandez56@example.com,(946) 390-4249,East,Apparel,2025-06-30,1.0,62.55
5555,Karen Jackson,karen.jackson25@example.com,(794) 492-4163,Central,Beauty,2025-06-02,2.0,49.32
5008,Jennifer Gonzalez,jennifer.gonzalez94@example.com,(417) 574-3520,East,Apparel,2025-01-13,3.0,288.06
5495,William Wilson,william.wilson16@example.com,(363) 931-2848,South,Apparel,2025-03-13,8.0,290.51
5287,Joseph Rodriguez,josephrodriguez,(774) 643-4180,South,Electronics,2025-08-19,5.0,291.47
5041,Michael Garcia,michael.garcia24@example.com,Unknown,South,Apparel,2025-05-16,4.0,91.22
5141,Barbara Hernandez,barbara.hernandez50@example.com,(784) 323-8397,Central,Apparel,2025-07-13,8.0,223.97
5468,Thomas Davis,thomas.davis72@example.com,(558) 813-2361,North,Beauty,2025-05-15,6.0,150.2
5751,William Lopez,william.lopez99@example.com,(906) 529-9423,West,Apparel,2025-06-30,6.0,47.82
5465,Patricia Thomas,patriciathomas,(769) 983-4149,North,Apparel,2025-04-13,6.0,254.34
5645,Mary Martinez,mary.martinez68@example.com,Unknown,North,Beauty,2025-04-29,6.0,41.27
5486,Karen Johnson,karen.johnson29@example.com,(767) 292-9888,West,Apparel,2025-01-13,4.0,56.33
5144,Karen Taylor,karen.taylor28@example.com,(593) 686-3937,East,Electronics,2025-05-08,6.0,127.7
5653,Sarah Taylor,sarah.taylor53@example.com,(297) 391-7413,Central,Electronics,2025-02-01,5.0,202.99
5313,Mary Thomas,mary.thomas54@example.com,(212) 936-6243,South,Home & Living,2025-05-06,8.0,18.07
5122,Sarah Wilson,Unknown,(859) 912-4856,North,Electronics,2025-08-21,2.0,158.93
5280,Barbara Rodriguez,barbara.rodriguez26@example.com,(472) 942-1693,West,Apparel,2025-08-26,8.0,94.43
5370,Joseph Jackson,joseph.jackson55@example.com,(580) 886-2343,East,Apparel,2025-07-21,6.0,43.27
5151,Richard Williams,richard.williams59@example.com,(724) 759-8404,North,Beauty,2025-04-10,7.0,229.74
5284,Mary Jones,Unknown,(358) 428-4406,Central,Electronics,2025-03-10,6.0,146.76
5417,Sarah Martinez,sarahmartinez,(959) 430-9949,West,Home & Living,2025-03-06,2.0,240.14
5445,Patricia Smith,patricia.smith57@example.com,(576) 705-8334,West,Beauty,2025-08-19,7.0,218.81
5100,Mary Wilson,mary.wilson46@example.com,(676) 522-3032,South,Apparel,2025-04-24,8.0,231.64
5819,David Smith,david.smith18@example.com,(236) 517-9702,South,Apparel,2025-04-01,3.0,249.71
5627,Charles Gonzalez,charles.gonzalez49@example.com,(342) 964-5559,Central,Beauty,2025-01-08,1.0,49.09
5754,Robert Lopez,robert.lopez30@example.com,(465) 520-6638,West,Beauty,2025-02-26,4.0,278.54
5803,William Gonzalez,williamgonzalez,(627) 515-7212,West,Home & Living,2025-01-30,6.0,99.62
5584,Barbara Lopez,barbara.lopez24@example.com,(967) 487-3117,West,Electronics,2025-03-02,3.0,150.52
5125,John Garcia,john.garcia4@example.com,Unknown,North,Beauty,2025-07-10,3.0,83.2
5142,Susan Wilson,susan.wilson28@example.com,(951) 719-1467,North,Electronics,2025-05-07,6.0,37.05
5022,John Wilson,john.wilson44@example.com,(357) 561-5718,South,Electronics,2025-07-28,8.0,146.61
5349,Charles Garcia,charles.garcia16@example.com,(213) 394-7972,South,Beauty,2025-01-16,7.0,36.57
5317,Jennifer Taylor,jennifer.taylor28@example.com,(252) 390-4177,South,Apparel,2025-03-31,1.0,128.7
5050,John Jackson,Unknown,Unknown,West,Beauty,2025-02-17,5.0,195.41
5400,Elizabeth Thomas,elizabeth.thomas63@example.com,(283) 781-2446,Central,Beauty,2025-06-05,4.0,83.11
5608,Susan Jones,susan.jones55@example.com,(823) 944-5305,South,Apparel,2025-01-03,1.0,97.59
5648,Charles Gonzalez,charles.gonzalez97@example.com,(655) 636-2068,West,Home & Living,2025-04-08,3.0,227.59
5441,Jennifer Jackson,jennifer.jackson70@example.com,(217) 705-6472,West,Home & Living,2025-07-19,5.0,78.95
5051,David Moore,david.moore61@example.com,(447) 873-8752,Central,Home & Living,2025-08-22,4.0,267.65
5839,Patricia Martinez,patricia.martinez29@example.com,(474) 987-7861,South,Home & Living,2025-08-04,4.0,143.08
5795,Karen Martinez,karen.martinez27@example.com,(210) 694-5463,Central,Home & Living,2025-02-27,2.0,264.82
5469,William Wilson,william.wilson84@example.com,(739) 582-3894,West,Beauty,2025-06-18,4.0,92.47
5433,James Jackson,james.jackson19@example.com,(675) 267-7970,Central,Electronics,2025-08-29,1.0,85.55
5357,Mary Williams,mary.williams35@example.com,(862) 648-9036,East,Home & Living,2025-01-07,5.0,207.35
5655,James Taylor,james.taylor5@example.com,(950) 922-2352,Central,Home & Living,2025-03-28,1.0,171.97
5027,Thomas Moore,thomas.moore47@example.com,(227) 633-1430,East,Apparel,2025-06-03,6.0,166.55
5630,Linda Williams,linda.williams31@example.com,(858) 392-5067,East,Beauty,2025-01-08,7.0,208.83
5254,David Davis,david.davis30@example.com,(935) 575-7077,Central,Electronics,2025-03-05,5.0,73.96
5805,Sarah Thomas,sarah.thomas27@example.com,(344) 447-1495,East,Home & Living,2025-08-11,1.0,206.29
5697,David Smith,david.smith89@example.com,(976) 891-7590,West,Beauty,2025-02-09,7.0,265.04
5781,Thomas Davis,thomas.davis26@example.com,(570) 731-9495,West,Beauty,2025-08-03,4.0,246.2
5384,Mary Moore,mary.moore81@example.com,(515) 200-3500,East,Home & Living,2025-07-03,6.0,204.39
5307,William Jones,william.jones35@example.com,(826) 240-9993,West,Electronics,2025-03-03,5.0,286.14
5273,Patricia Anderson,patricia.anderson53@example.com,(371) 743-1001,North,Beauty,2025-07-08,8.0,295.2
5484,Barbara Davis,barbara.davis28@example.com,(458) 781-2022,Central,Home & Living,2025-05-17,4.0,290.99
5241,Jennifer Gonzalez,jennifer.gonzalez45@example.com,(870) 307-3200,West,Apparel,2025-01-04,7.0,167.9
5054,Thomas Moore,thomas.moore38@example.com,(627) 401-5271,South,Beauty,2025-03-08,5.0,135.05
5564,Jennifer Thomas,jennifer.thomas24@example.com,(207) 550-4586,East,Home & Living,2025-06-21,2.0,102.61
5688,Barbara Smith,barbara.smith47@example.com,(667) 307-3424,South,Electronics,2025-07-24,7.0,59.67
5286,John Martin,john.martin12@example.com,(541) 340-8004,West,Home & Living,2025-04-14,3.0,290.25
5233,David Wilson,david.wilson19@example.com,(912) 886-2581,South,Electronics,2025-08-04,6.0,38.74
5156,John Smith,john.smith79@example.com,(428) 645-3959,Central,Apparel,2025-09-04,8.0,290.72
5279,John Taylor,john.taylor54@example.com,(313) 657-1235,West,Electronics,2025-03-31,2.0,214.31
5464,Charles Jackson,charles.jackson80@example.com,(211) 331-8069,South,Electronics,2025-01-09,5.0,279.43
5310,Barbara Anderson,barbara.anderson30@example.com,(581) 614-9417,West,Beauty,2025-05-14,7.0,216.03
5442,Elizabeth Garcia,elizabeth.garcia75@example.com,(647) 895-5258,East,Apparel,2025-04-10,1.0,225.92
5527,Jessica Thomas,jessica.thomas90@example.com,Unknown,North,Apparel,2025-06-25,5.0,100.73
5274,David Taylor,david.taylor37@example.com,(233) 965-1894,East,Apparel,2025-02-28,3.0,124.82
5063,Karen Gonzalez,karen.gonzalez5@example.com,(450) 696-7272,Central,Beauty,2025-08-03,5.0,264.39
5742,Jennifer Martin,jennifer.martin52@example.com,(601) 411-4189,East,Electronics,2025-02-07,6.0,158.93
5651,Susan Thomas,susan.thomas70@example.com,(289) 890-7290,South,Electronics,2025-07-20,6.0,296.13
5690,Richard Taylor,richard.taylor70@example.com,(234) 248-9015,North,Beauty,2025-04-01,8.0,158.93
5327,Mary Moore,mary.moore58@example.com,(260) 376-8985,South,Beauty,2025-06-10,5.0,257.14
5844,Jessica Gonzalez,jessica.gonzalez7@example.com,(350) 424-9449,South,Apparel,2025-08-26,4.0,294.17
5822,Susan Johnson,susan.johnson14@example.com,(545) 711-2629,East,Home & Living,2025-04-24,4.0,169.15
5615,Karen Miller,karen.miller87@example.com,(822) 696-1637,Central,Home & Living,2025-06-04,4.0,295.17
5112,Richard Jackson,richard.jackson58@example.com,(898) 927-2000,East,Beauty,2025-08-02,4.0,100.41
5541,Robert Taylor,robert.taylor93@example.com,(905) 957-8841,Central,Apparel,2025-02-19,7.0,257.74
5547,David Garcia,david.garcia9@example.com,(853) 312-9167,Central,Electronics,2025-05-10,8.0,215.22
5684,Sarah Davis,sarah.davis85@example.com,(447) 888-5317,North,Electronics,2025-05-19,3.0,17.63
5618,Karen Davis,Unknown,(718) 812-8765,West,Electronics,2025-08-22,3.0,65.94
5299,David Rodriguez,david.rodriguez36@example.com,(501) 919-3866,North,Home & Living,2025-07-31,1.0,157.15
5389,Thomas Davis,thomas.davis63@example.com,(504) 929-9134,Central,Beauty,2025-01-12,1.0,205.72
5458,Barbara Martin,barbara.martin63@example.com,(343) 606-9522,North,Apparel,2025-11-04,1.0,42.4
5644,Karen Brown,karen.brown44@example.com,(548) 780-6592,South,Electronics,2025-01-16,7.0,280.8
5518,Mary Gonzalez,mary.gonzalez53@example.com,(238) 979-8944,Central,Home & Living,2025-01-09,2.0,208.08
5198,Richard Johnson,richard.johnson14@example.com,(994) 774-4690,Central,Apparel,2025-01-13,6.0,69.53
5593,Barbara Williams,barbara.williams66@example.com,(838) 217-9397,West,Home & Living,2025-04-20,6.0,220.52
5069,Richard Lopez,richard.lopez53@example.com,(812) 522-6554,South,Electronics,2025-03-04,5.0,194.42
5330,Michael Thomas,michael.thomas11@example.com,(316) 941-3172,South,Apparel,2025-05-17,1.0,261.75
5561,Charles Anderson,charles.anderson46@example.com,(232) 724-9476,West,Home & Living,2025-02-02,7.0,116.6
5764,Mary Brown,Unknown,(441) 340-6667,South,Beauty,2025-08-11,5.0,196.16
5188,Sarah Martin,sarah.martin83@example.com,(924) 731-6949,North,Home & Living,2025-04-12,3.0,274.8
5485,William Brown,william.brown2@example.com,(754) 874-6165,Central,Apparel,2025-12-01,2.0,276.25
5663,Susan Miller,susan.miller18@example.com,(999) 783-1432,North,Beauty,2025-09-04,6.0,254.87
5314,Joseph Jones,joseph.jones63@example.com,(717) 270-9974,West,Beauty,2025-01-13,5.0,46.41
5350,Barbara Gonzalez,barbara.gonzalez30@example.com,(662) 871-6432,Central,Home & Living,2025-02-22,6.0,286.58
5835,Michael Rodriguez,michael.rodriguez21@example.com,(842) 343-2273,North,Beauty,2025-01-14,4.0,287.37
5195,Elizabeth Gonzalez,Unknown,(665) 347-4369,Central,Electronics,2025-04-15,4.0,287.87
5778,James Anderson,james.anderson2@example.com,(440) 420-4332,West,Beauty,2025-05-04,6.0,237.68
5589,Patricia Smith,patricia.smith50@example.com,(900) 519-5301,East,Electronics,2025-06-06,4.0,15.86
5225,William Martinez,william.martinez60@example.com,(600) 401-1309,Central,Electronics,2025-07-03,7.0,265.03
5642,Mary Garcia,mary.garcia25@example.com,(434) 257-8229,South,Beauty,2025-06-05,1.0,238.17
5052,William Miller,william.miller70@example.com,(369) 296-4039,Central,Beauty,2025-07-12,5.0,69.03
5812,Karen Davis,karen.davis4@example.com,(926) 270-9248,Central,Home & Living,2025-01-06,3.0,20.28
5243,Michael Johnson,michaeljohnson,(839) 261-6035,Central,Home & Living,2025-02-08,1.0,286.49
5076,Susan Martin,susan.martin45@example.com,(401) 517-9425,West,Apparel,2025-07-19,1.0,174.07
5220,David Jones,david.jones61@example.com,(740) 963-9745,Central,Electronics,2025-09-07,5.0,29.51
5223,James Brown,james.brown65@example.com,(482) 780-8039,North,Beauty,2025-07-27,3.0,234.54
5397,Jessica Brown,jessica.brown76@example.com,(645) 821-7472,Central,Home & Living,2025-04-09,6.0,148.49
5459,Susan Martinez,susan.martinez32@example.com,(661) 699-6283,South,Apparel,2025-04-17,2.0,136.91
5727,Jessica Gonzalez,jessica.gonzalez24@example.com,(922) 356-9606,West,Beauty,2025-07-09,8.0,17.49
5320,William Gonzalez,william.gonzalez57@example.com,(801) 649-2978,West,Home & Living,2025-01-05,5.0,59.46
5765,James Wilson,james.wilson16@example.com,(527) 337-8801,North,Apparel,2025-06-16,1.0,158.93
5681,William Martinez,williammartinez,(595) 564-1277,East,Home & Living,2025-03-13,2.0,68.06
5499,Thomas Davis,thomas.davis84@example.com,(220) 681-5841,Central,Home & Living,2025-01-26,2.0,71.17
5005,Jessica Smith,jessica.smith98@example.com,(513) 451-2692,Central,Home & Living,2025-02-16,6.0,251.75
5283,Elizabeth Martinez,elizabeth.martinez14@example.com,(368) 917-3460,South,Electronics,2025-06-14,7.0,203.4
5007,Richard Davis,richard.davis34@example.com,(235) 629-5072,Central,Beauty,2025-07-18,1.0,252.72
5502,James Miller,james.miller71@example.com,(861) 350-2142,North,Beauty,2025-04-04,7.0,245.98
5249,David Smith,david.smith48@example.com,(698) 391-9580,Central,Home & Living,2025-07-16,3.0,181.76
5478,Robert Jackson,robert.jackson27@example.com,(780) 598-9678,East,Home & Living,2025-05-05,5.0,50.58
5016,Karen Miller,karen.miller68@example.com,(206) 365-6121,Central,Home & Living,2025-05-04,7.0,98.72
5748,John Jackson,john.jackson60@example.com,(953) 610-7246,North,Beauty,2025-04-02,4.0,14.52
5576,Barbara Williams,barbara.williams74@example.com,(622) 494-9728,East,Beauty,2025-05-20,5.0,54.78
5094,David Rodriguez,david.rodriguez43@example.com,(614) 507-9526,Central,Beauty,2025-08-17,4.0,182.14
5319,Jessica Lopez,Unknown,(856) 317-2570,Central,Beauty,2025-01-22,5.0,94.81
5467,William Brown,williambrown,(599) 306-5642,East,Beauty,2025-01-28,3.0,23.91
5057,Jennifer Jackson,jennifer.jackson6@example.com,(590) 868-6522,South,Beauty,2025-01-31,5.0,38.78
5801,David Brown,david.brown17@example.com,(524) 255-9362,West,Beauty,2025-06-05,8.0,158.93
5526,Sarah Brown,sarah.brown92@example.com,(937) 206-2042,South,Electronics,2025-05-29,4.0,171.43
5035,Linda Jackson,linda.jackson7@example.com,(406) 355-1169,East,Apparel,2025-04-01,6.0,210.78
5439,Mary Martin,mary.martin8@example.com,(209) 251-5348,West,Apparel,2025-04-18,3.0,179.06
5171,James Wilson,james.wilson98@example.com,(472) 425-8889,South,Apparel,2025-07-22,1.0,222.64
5760,Karen Anderson,karen.anderson84@example.com,(296) 459-2266,East,Beauty,2025-01-25,5.0,158.93
5187,David Brown,Unknown,(325) 763-5199,West,Electronics,2025-02-06,4.0,108.06
5011,Robert Martinez,robert.martinez6@example.com,(716) 963-1928,Central,Apparel,2025-02-17,4.0,215.88
5086,Linda Wilson,lindawilson,(847) 208-9676,North,Apparel,2025-04-27,8.0,61.99
5623,Richard Hernandez,richard.hernandez89@example.com,(739) 460-3696,Central,Home & Living,2025-01-10,8.0,283.17
5537,John Rodriguez,john.rodriguez5@example.com,(473) 739-5795,North,Electronics,2025-12-06,5.0,25.53
5326,Susan Jackson,susan.jackson64@example.com,(761) 911-7681,Central,Home & Living,2025-03-23,6.0,268.87
5682,James Smith,james.smith51@example.com,(762) 339-9425,East,Beauty,2025-03-05,2.0,106.58
5116,Joseph Rodriguez,joseph.rodriguez77@example.com,(328) 853-8388,West,Electronics,2025-03-24,3.0,243.5
5846,Joseph Jones,joseph.jones73@example.com,Unknown,North,Beauty,2025-01-23,8.0,152.99
5190,David Thomas,david.thomas46@example.com,(687) 649-8148,South,Beauty,2025-05-21,1.0,218.06
5117,William Lopez,william.lopez95@example.com,(612) 896-4278,South,Electronics,2025-08-01,7.0,291.62
5418,Patricia Wilson,patricia.wilson22@example.com,(675) 515-7081,West,Apparel,2025-07-31,3.0,139.2
5603,Barbara Johnson,barbara.johnson43@example.com,(427) 966-5197,North,Apparel,2025-06-14,7.0,221.16
5058,Sarah Gonzalez,sarah.gonzalez41@example.com,(667) 607-7747,North,Electronics,2025-05-28,5.0,113.76
5354,Barbara Taylor,barbara.taylor74@example.com,Unknown,West,Beauty,2025-04-17,2.0,248.04
5556,Robert Jones,robert.jones15@example.com,(314) 620-4465,North,Beauty,2025-03-13,7.0,10.22
5666,Michael Davis,michael.davis78@example.com,(667) 957-9399,East,Home & Living,2025-08-08,6.0,156.05
5496,Barbara Brown,barbara.brown60@example.com,(998) 609-9402,West,Beauty,2025-02-02,4.0,251.8
5848,Charles Brown,charles.brown14@example.com,(827) 419-1606,South,Home & Living,2025-05-05,3.0,294.25
5260,Patricia Rodriguez,patricia.rodriguez20@example.com,Unknown,South,Beauty,2025-06-23,1.0,245.91
5049,Richard Thomas,richard.thomas93@example.com,(845) 264-8220,Central,Apparel,2025-06-07,1.0,296.47
5337,Jessica Miller,Unknown,Unknown,West,Beauty,2025-01-21,6.0,21.7
5126,William Johnson,william.johnson31@example.com,(970) 583-2346,North,Beauty,2025-01-05,7.0,92.82
5473,Susan Jackson,susan.jackson77@example.com,(734) 503-7379,South,Electronics,2025-03-16,4.0,67.43
5358,Joseph Anderson,joseph.anderson57@example.com,(627) 219-6238,South,Beauty,2025-12-03,4.0,73.43
5367,Barbara Jackson,barbara.jackson48@example.com,(358) 726-4987,East,Electronics,2025-03-07,2.0,34.57
5047,Charles Moore,charles.moore94@example.com,(503) 963-1672,East,Apparel,2025-01-25,5.0,129.57
5257,Michael Taylor,michael.taylor49@example.com,(471) 904-7411,Central,Beauty,2025-01-19,3.0,256.6
5107,Linda Moore,linda.moore74@example.com,(732) 532-3871,Central,Home & Living,2025-03-16,8.0,158.93
5318,Charles Jackson,charles.jackson83@example.com,(796) 344-1647,North,Apparel,2025-06-29,3.0,259.09
5328,Karen Williams,karen.williams94@example.com,Unknown,East,Apparel,2025-05-06,3.0,107.99
5405,James Davis,james.davis83@example.com,(484) 941-9492,Central,Home & Living,2025-06-25,3.0,40.19
5632,Jennifer Miller,jennifer.miller59@example.com,(866) 301-6036,South,Beauty,2025-06-08,1.0,182.18
5696,Karen Smith,karen.smith62@example.com,(820) 528-4795,Central,Beauty,2025-04-27,4.0,52.22
5516,Jessica Wilson,jessica.wilson12@example.com,Unknown,North,Electronics,2025-02-05,5.0,100.21
5665,Richard Hernandez,richard.hernandez88@example.com,(565) 407-8065,Central,Beauty,2025-01-07,8.0,248.83
5420,Jessica Rodriguez,jessica.rodriguez54@example.com,(432) 201-9142,West,Electronics,2025-08-10,2.0,277.83
5406,Michael Lopez,michael.lopez35@example.com,(351) 560-7319,West,Beauty,2025-04-15,1.0,81.84
5522,Robert Wilson,Unknown,(969) 480-7477,Central,Home & Living,2025-05-17,8.0,167.34
5048,Linda Martinez,Unknown,(830) 648-1822,West,Electronics,2025-08-19,8.0,216.38
5158,Richard Lopez,richard.lopez26@example.com,(218) 257-6662,West,Beauty,2025-08-12,2.0,189.7
5581,Susan Gonzalez,susan.gonzalez36@example.com,(269) 436-8614,South,Electronics,2025-02-05,6.0,235.2
5483,Karen Lopez,karen.lopez62@example.com,(539) 921-4810,Central,Beauty,2025-04-16,7.0,195.99
5624,Richard Moore,richard.moore57@example.com,(663) 916-9394,Central,Apparel,2025-02-16,3.0,34.43
5235,William Johnson,william.johnson41@example.com,(226) 383-9042,West,Electronics,2025-08-06,7.0,230.62
5773,William Hernandez,william.hernandez57@example.com,(331) 765-1931,East,Electronics,2025-08-27,5.0,73.0
5679,Jennifer Rodriguez,jennifer.rodriguez95@example.com,Unknown,East,Beauty,2025-02-14,5.0,140.11
5747,Barbara Miller,barbara.miller99@example.com,(318) 744-8976,East,Electronics,2025-04-27,5.0,123.38
5636,Elizabeth Davis,elizabeth.davis98@example.com,(805) 722-5276,South,Beauty,2025-04-16,6.0,204.91
5383,Jennifer Lopez,jenniferlopez,(661) 699-5983,Central,Apparel,2025-03-10,7.0,149.79
5219,Patricia Smith,patricia.smith72@example.com,(578) 246-9813,South,Home & Living,2025-05-08,5.0,285.4
5480,Patricia Hernandez,patricia.hernandez88@example.com,(557) 563-6386,Central,Apparel,2025-07-29,5.0,230.32
5685,Joseph Jackson,joseph.jackson70@example.com,(623) 782-6428,West,Apparel,2025-02-23,5.0,248.79
5196,Jessica Davis,jessica.davis7@example.com,(859) 563-6016,Central,Apparel,2025-07-17,2.0,158.93
5091,Susan Davis,susandavis,(354) 305-2878,Central,Beauty,2025-02-09,2.0,141.56
5163,Patricia Anderson,patricia.anderson58@example.com,(883) 607-8097,Central,Beauty,2025-03-23,5.0,253.97
5247,James Jones,james.jones52@example.com,(411) 499-2545,West,Beauty,2025-08-14,3.0,158.93
5481,David Wilson,david.wilson29@example.com,(605) 679-7240,Central,Home & Living,2025-03-13,8.0,251.34
5055,Richard Thomas,richard.thomas21@example.com,(439) 390-2692,South,Home & Living,2025-06-04,7.0,158.93
5580,David Garcia,davidgarcia,(911) 416-5680,South,Beauty,2025-05-06,8.0,224.42
5515,James Martinez,james.martinez24@example.com,(612) 232-5681,East,Beauty,2025-04-01,7.0,158.93
5621,William Miller,william.miller66@example.com,(419) 371-1153,East,Electronics,2025-01-12,3.0,203.33
5017,Michael Martinez,michael.martinez14@example.com,(370) 920-8098,North,Apparel,2025-05-14,7.0,225.27
5659,Joseph Taylor,joseph.taylor77@example.com,(326) 270-3056,Central,Beauty,2025-02-26,3.0,299.84
5479,Jennifer Martin,Unknown,(614) 447-1777,North,Home & Living,2025-01-02,7.0,152.53
5157,David Thomas,david.thomas81@example.com,(366) 655-9345,East,Electronics,2025-08-10,6.0,169.91
5110,John Anderson,john.anderson18@example.com,(287) 944-8490,West,Home & Living,2025-03-09,6.0,205.1
5044,Richard Martinez,richard.martinez82@example.com,(380) 722-5846,North,Electronics,2025-02-12,2.0,158.93
5423,Jessica Lopez,Unknown,(494) 321-9782,West,Beauty,2025-12-06,5.0,136.95
5578,Sarah Martinez,sarah.martinez88@example.com,(916) 643-1058,North,Apparel,2025-06-30,8.0,154.08
5560,Barbara Rodriguez,barbara.rodriguez41@example.com,(354) 492-1170,South,Electronics,2025-05-26,3.0,45.36
5693,Karen Martin,karenmartin,(676) 246-5587,Central,Apparel,2025-03-24,1.0,62.61
5494,Elizabeth Thomas,elizabeth.thomas53@example.com,(772) 354-6350,West,Home & Living,2025-02-22,4.0,85.91
5298,Thomas Jackson,Unknown,(203) 310-7564,North,Home & Living,2025-07-26,8.0,165.45
5306,Jessica Williams,jessica.williams75@example.com,(967) 203-8712,South,Home & Living,2025-07-02,4.0,185.19
5566,Thomas Jones,thomas.jones77@example.com,(364) 756-2845,East,Apparel,2025-04-03,4.0,177.4
5814,David Davis,david.davis37@example.com,(209) 325-5755,Central,Apparel,2025-08-09,7.0,217.15
5736,Elizabeth Wilson,elizabeth.wilson39@example.com,(570) 525-5266,North,Beauty,2025-02-25,8.0,276.13
5583,Jessica Thomas,jessica.thomas83@example.com,(930) 950-6085,North,Electronics,2025-07-27,3.0,91.72
5146,Robert Martin,robertmartin,(940) 850-1122,East,Electronics,2025-06-28,1.0,207.47
5804,Mary Rodriguez,mary.rodriguez99@example.com,Unknown,North,Home & Living,2025-05-07,1.0,158.93
5199,Linda Williams,linda.williams42@example.com,Unknown,Central,Beauty,2025-06-15,8.0,87.43
5847,Jennifer Martin,jennifer.martin58@example.com,(778) 566-2356,West,Beauty,2025-01-22,1.0,223.16
5825,Jennifer Miller,jennifer.miller25@example.com,(645) 565-6983,North,Apparel,2025-01-27,8.0,99.92
5511,Barbara Rodriguez,barbara.rodriguez10@example.com,Unknown,Central,Electronics,2025-01-01,7.0,249.42
5290,Joseph Hernandez,joseph.hernandez98@example.com,(330) 907-4427,Central,Electronics,2025-04-30,3.0,51.24
5579,Jessica Brown,jessicabrown,Unknown,West,Beauty,2025-01-05,4.0,257.83
5316,Charles Smith,charles.smith49@example.com,Unknown,Central,Beauty,2025-04-10,5.0,100.64
5735,William Garcia,william.garcia51@example.com,(287) 204-8436,East,Beauty,2025-05-25,1.0,158.93
5568,Michael Jackson,michael.jackson57@example.com,Unknown,West,Beauty,2025-07-26,5.0,156.64
5099,Linda Brown,linda.brown4@example.com,(265) 714-1207,South,Beauty,2025-03-25,7.0,247.41
5227,Michael Lopez,michael.lopez57@example.com,(506) 711-1631,South,Electronics,2025-03-01,2.0,195.43
5451,Jennifer Miller,jennifer.miller56@example.com,(915) 510-5249,East,Beauty,2025-05-14,6.0,203.3
5815,Jennifer Wilson,jennifer.wilson57@example.com,(324) 976-8002,North,Electronics,2025-08-14,5.0,158.93
5339,Robert Jackson,robert.jackson18@example.com,(500) 669-7606,South,Apparel,2025-01-22,7.0,124.61
5382,Sarah Jones,sarah.jones32@example.com,(260) 499-2396,Central,Beauty,2025-05-31,4.0,196.77
5715,Thomas Hernandez,thomas.hernandez74@example.com,(788) 576-5507,South,Beauty,2025-03-19,2.0,47.07
5462,Joseph Gonzalez,joseph.gonzalez56@example.com,Unknown,South,Beauty,2025-08-14,1.0,269.69
5304,Michael Lopez,michaellopez,(739) 445-9246,South,Beauty,2025-01-19,5.0,283.27
5612,Mary Smith,mary.smith59@example.com,(639) 284-7409,East,Electronics,2025-01-28,2.0,23.18
5785,William Rodriguez,william.rodriguez64@example.com,(868) 367-5653,West,Home & Living,2025-05-23,6.0,279.71
5722,Patricia Lopez,patricia.lopez72@example.com,(419) 222-6816,South,Electronics,2025-08-11,7.0,47.36
5278,Karen Martin,karen.martin44@example.com,(292) 713-6987,East,Beauty,2025-03-30,7.0,106.47
5250,William Smith,william.smith40@example.com,(734) 570-5972,East,Home & Living,2025-06-01,8.0,261.12
5322,Linda Rodriguez,linda.rodriguez30@example.com,(681) 712-3631,East,Home & Living,2025-08-10,6.0,275.34
5140,John Jackson,john.jackson89@example.com,(463) 712-1717,West,Apparel,2025-03-30,5.0,270.52
5699,Joseph Jones,joseph.jones1@example.com,(713) 801-6849,Central,Beauty,2025-03-09,4.0,51.87
5324,Thomas Johnson,thomas.johnson89@example.com,(271) 803-9271,East,Apparel,2025-07-23,8.0,139.34
5437,Elizabeth Martinez,elizabeth.martinez26@example.com,(917) 834-4590,South,Electronics,2025-05-23,6.0,134.41
5443,Jennifer Jackson,Unknown,(791) 928-8313,South,Apparel,2025-01-29,3.0,254.78
5128,Jessica Thomas,jessica.thomas66@example.com,(497) 814-9363,South,Apparel,2025-04-09,8.0,200.18
5732,Jessica Anderson,jessica.anderson81@example.com,Unknown,East,Electronics,2025-08-04,8.0,288.78
5563,James Davis,james.davis50@example.com,(467) 428-9720,South,Home & Living,2025-02-24,6.0,31.82
5602,Robert Smith,robert.smith2@example.com,(311) 977-5574,West,Beauty,2025-04-05,2.0,241.68
5542,Karen Johnson,karen.johnson68@example.com,(647) 268-8441,East,Electronics,2025-08-26,6.0,277.47
5806,Linda Miller,linda.miller35@example.com,(872) 252-3037,North,Electronics,2025-04-28,5.0,158.93
5775,Richard Rodriguez,richard.rodriguez2@example.com,(225) 950-1408,Central,Home & Living,2025-06-07,1.0,142.74
5733,Karen Davis,karen.davis51@example.com,(413) 964-2550,West,Apparel,2025-02-15,2.0,62.88
5594,James Taylor,james.taylor70@example.com,Unknown,North,Home & Living,2025-03-20,4.0,97.87
5669,Robert Johnson,robert.johnson69@example.com,(329) 765-4135,West,Beauty,2025-06-20,3.0,107.64
5362,James Rodriguez,james.rodriguez8@example.com,(853) 357-9803,Central,Electronics,2025-03-13,7.0,134.62
5202,Robert Garcia,robert.garcia81@example.com,(242) 651-3530,West,Electronics,2025-07-21,2.0,100.46
5635,Charles Williams,charles.williams77@example.com,(499) 339-2304,West,Apparel,2025-04-24,7.0,114.22
5789,Charles Miller,charles.miller51@example.com,(881) 915-4340,Central,Apparel,2025-08-20,7.0,83.58
5565,Sarah Rodriguez,sarah.rodriguez17@example.com,(306) 768-5332,West,Beauty,2025-07-16,3.0,257.58
5463,Patricia Miller,patricia.miller9@example.com,(977) 675-6094,North,Beauty,2025-07-18,2.0,85.82
5569,Michael Gonzalez,michael.gonzalez20@example.com,Unknown,North,Beauty,2025-01-20,4.0,172.39
5189,Thomas Moore,thomas.moore64@example.com,(768) 611-5181,South,Home & Living,2025-07-19,2.0,12.97
5410,David Smith,david.smith9@example.com,Unknown,West,Home & Living,2025-03-14,3.0,262.56
5694,William Taylor,Unknown,(838) 957-1950,North,Home & Living,2025-04-29,6.0,155.07
5786,David Miller,david.miller83@example.com,(825) 766-8279,Central,Home & Living,2025-05-15,1.0,192.56
5491,James Johnson,james.johnson54@example.com,(956) 785-1341,East,Beauty,2025-01-03,6.0,289.28
5129,Michael Jackson,michael.jackson60@example.com,(304) 753-6905,South,Home & Living,2025-05-12,1.0,170.27
5811,Mary Jones,mary.jones95@example.com,(679) 964-8189,South,Home & Living,2025-05-15,6.0,213.55
5123,William Garcia,william.garcia78@example.com,(790) 660-7542,West,Home & Living,2025-08-15,1.0,86.67
5010,Charles Wilson,charles.wilson19@example.com,(321) 871-5609,South,Apparel,2025-04-12,3.0,17.33
5614,Jessica Anderson,jessica.anderson98@example.com,Unknown,North,Beauty,2025-02-16,3.0,42.17
5165,Barbara Garcia,barbara.garcia44@example.com,(953) 814-2231,Central,Beauty,2025-02-22,8.0,258.75
5293,Patricia Taylor,patricia.taylor81@example.com,(925) 697-6068,West,Beauty,2025-08-07,6.0,268.62
5818,Jennifer Jackson,jennifer.jackson45@example.com,(886) 733-2288,East,Home & Living,2025-03-05,6.0,168.31
5718,Richard Moore,richard.moore9@example.com,(209) 381-3861,Central,Apparel,2025-01-05,5.0,268.12
5102,Richard Williams,richard.williams82@example.com,Unknown,South,Apparel,2025-02-07,2.0,178.27
5596,Charles Davis,charles.davis24@example.com,(857) 414-1974,Central,Home & Living,2025-06-27,8.0,98.81
5352,Richard Jackson,richard.jackson60@example.com,Unknown,West,Beauty,2025-06-15,5.0,257.11
5374,John Williams,john.williams16@example.com,(557) 813-2415,South,Apparel,2025-03-24,7.0,204.9
5734,Joseph Williams,Unknown,(577) 566-2331,East,Electronics,2025-01-16,2.0,113.16
5791,David Miller,david.miller9@example.com,Unknown,South,Home & Living,2025-07-06,2.0,82.41
5240,Jessica Williams,jessica.williams63@example.com,(554) 247-7576,East,Beauty,2025-03-21,6.0,112.66
5807,Jessica Jones,jessica.jones68@example.com,(458) 478-6669,East,Apparel,2025-04-13,4.0,114.69
5077,Patricia Martinez,patricia.martinez17@example.com,(694) 852-8520,West,Home & Living,2025-04-18,1.0,135.86
5224,Thomas Lopez,thomaslopez,(238) 908-5589,South,Apparel,2025-08-08,5.0,239.72
5519,William Johnson,william.johnson39@example.com,(494) 915-8887,West,Electronics,2025-01-16,3.0,162.53
5553,Robert Jackson,robert.jackson18@example.com,(631) 469-1063,South,Home & Living,2025-06-25,4.0,280.93
5461,Elizabeth Rodriguez,Unknown,(295) 819-5363,South,Beauty,2025-05-25,1.0,297.64
5312,Robert Moore,robert.moore42@example.com,(721) 466-6113,South,Apparel,2025-03-09,1.0,134.26
5019,Richard Garcia,richardgarcia,(844) 921-7024,West,Home & Living,2025-06-20,5.0,38.69
5192,Jennifer Williams,jennifer.williams15@example.com,(751) 861-5369,North,Beauty,2025-05-14,8.0,236.95
5414,William Johnson,william.johnson22@example.com,(625) 806-1204,South,Electronics,2025-04-02,5.0,232.81
5558,John Anderson,john.anderson54@example.com,(969) 750-2065,North,Electronics,2025-03-28,8.0,158.93
5664,Joseph Lopez,joseph.lopez55@example.com,(825) 663-5907,North,Apparel,2025-08-01,7.0,79.38
5281,James Williams,james.williams44@example.com,(303) 628-6590,West,Home & Living,2025-01-14,1.0,107.89
5500,Karen Taylor,karentaylor,(960) 453-9545,Central,Home & Living,2025-05-19,7.0,292.87
5329,David Jones,david.jones76@example.com,(282) 691-1583,North,Home & Living,2025-03-12,5.0,106.83
5001,Jennifer Wilson,jennifer.wilson75@example.com,(348) 969-4805,West,Beauty,2025-05-10,4.0,158.93
5572,Joseph Miller,Unknown,(308) 695-8895,South,Apparel,2025-08-02,5.0,147.09
5340,Sarah Garcia,sarah.garcia8@example.com,(309) 829-1939,West,Beauty,2025-06-09,5.0,158.93
5183,Michael Johnson,michael.johnson15@example.com,(415) 398-2942,West,Electronics,2025-08-10,3.0,255.66
5097,David Brown,david.brown35@example.com,(565) 277-3850,South,Electronics,2025-04-28,6.0,30.43
5056,David Davis,david.davis39@example.com,(242) 369-3392,East,Electronics,2025-01-14,3.0,58.88
5351,Barbara Davis,barbara.davis7@example.com,(753) 586-7171,West,Beauty,2025-01-06,4.0,158.93
5040,Jessica Miller,jessica.miller55@example.com,(366) 232-4566,South,Beauty,2025-05-06,7.0,64.09
5523,Jennifer Johnson,jennifer.johnson16@example.com,(528) 907-5691,West,Home & Living,2025-06-04,3.0,231.76
5774,Joseph Moore,joseph.moore42@example.com,(395) 649-7947,East,Beauty,2025-08-09,5.0,82.92
5709,James Taylor,james.taylor39@example.com,(383) 673-4473,West,Home & Living,2025-04-29,5.0,264.66
5305,Patricia Davis,patricia.davis76@example.com,(918) 589-5629,West,Home & Living,2025-01-12,4.0,17.4
5216,Patricia Johnson,patricia.johnson38@example.com,(726) 974-8109,West,Beauty,2025-04-06,6.0,171.45
5372,Susan Miller,Unknown,(654) 830-2163,North,Home & Living,2025-01-05,4.0,26.81
5539,Mary Hernandez,mary.hernandez14@example.com,(250) 293-5754,West,Apparel,2025-05-03,7.0,158.93
5649,Michael Jones,michael.jones68@example.com,Unknown,East,Beauty,2025-03-29,6.0,55.84
5238,Jessica Martin,jessica.martin92@example.com,Unknown,South,Electronics,2025-02-16,4.0,225.1
5377,David Rodriguez,david.rodriguez1@example.com,(787) 665-1308,Central,Beauty,2025-08-10,4.0,283.79
5089,Richard Davis,richard.davis84@example.com,(512) 608-7821,South,Electronics,2025-07-27,1.0,150.51
5611,Mary Hernandez,mary.hernandez92@example.com,(708) 263-1428,Central,Apparel,2025-11-08,5.0,110.51
5530,Thomas Davis,Unknown,(814) 283-4105,Central,Electronics,2025-03-18,1.0,46.11
5831,William Martin,william.martin15@example.com,(521) 579-5667,South,Beauty,2025-05-21,4.0,188.57
5269,Thomas Thomas,thomas.thomas82@example.com,(781) 811-2824,West,Home & Living,2025-05-12,4.0,158.93
5039,Jessica Hernandez,jessica.hernandez96@example.com,(635) 724-2741,South,Home & Living,2025-01-29,8.0,272.9
5153,William Smith,william.smith86@example.com,(907) 646-1349,West,Apparel,2025-02-22,7.0,67.35
5080,Thomas Brown,thomas.brown36@example.com,(273) 419-6975,South,Electronics,2025-01-20,2.0,92.68
5430,Richard Martin,richard.martin63@example.com,(212) 887-4982,Central,Electronics,2025-03-17,2.0,122.61
5242,Susan Taylor,susan.taylor16@example.com,Unknown,East,Electronics,2025-05-02,1.0,79.46
5794,Richard Taylor,richard.taylor96@example.com,(701) 381-9311,West,Apparel,2025-03-08,3.0,108.35
5346,Richard Johnson,richard.johnson75@example.com,(555) 401-7015,North,Electronics,2025-07-28,1.0,221.33
5175,Patricia Hernandez,patricia.hernandez49@example.com,Unknown,East,Electronics,2025-05-31,2.0,73.3
5737,Joseph Anderson,joseph.anderson39@example.com,(781) 728-1119,East,Electronics,2025-03-25,5.0,148.13
5507,James Wilson,james.wilson23@example.com,(935) 472-6306,Central,Home & Living,2025-04-08,3.0,247.63
5640,Susan Anderson,susan.anderson92@example.com,(508) 701-9206,East,Electronics,2025-07-27,5.0,243.92
5025,Jennifer Smith,jennifer.smith79@example.com,(314) 517-7392,South,Electronics,2025-06-23,4.0,207.46
5162,Robert Davis,robert.davis90@example.com,(812) 964-9443,South,Beauty,2025-05-04,6.0,12.23
5120,Mary Miller,mary.miller36@example.com,(370) 743-2737,South,Home & Living,2025-08-17,2.0,227.88
5059,Joseph Thomas,joseph.thomas74@example.com,(636) 438-8122,North,Apparel,2025-07-17,5.0,79.98
5263,Barbara Hernandez,barbara.hernandez27@example.com,(222) 835-2725,Central,Home & Living,2025-08-22,4.0,45.07
5571,Thomas Rodriguez,thomas.rodriguez93@example.com,(636) 718-8454,North,Beauty,2025-08-19,6.0,220.08
5169,James Jackson,james.jackson31@example.com,Unknown,West,Apparel,2025-05-05,7.0,93.9
5082,Sarah Rodriguez,sarah.rodriguez73@example.com,(508) 835-2946,Central,Apparel,2025-01-23,8.0,116.3
5591,Jessica Gonzalez,jessica.gonzalez30@example.com,(873) 850-3540,North,Apparel,2025-01-31,5.0,27.23
5687,Joseph Wilson,joseph.wilson23@example.com,(908) 549-3099,North,Home & Living,2025-01-21,7.0,95.09
5222,Elizabeth Martin,elizabeth.martin54@example.com,(608) 300-5332,East,Home & Living,2025-03-26,7.0,258.05
5829,Sarah Taylor,sarah.taylor46@example.com,(455) 644-6148,East,Apparel,2025-06-03,7.0,259.37
5838,Patricia Jackson,Unknown,(255) 690-1289,North,Beauty,2025-04-28,6.0,216.54
5658,John Williams,john.williams41@example.com,(408) 742-2241,South,Apparel,2025-03-21,4.0,118.61
5672,William Anderson,william.anderson28@example.com,(715) 302-1422,Central,Apparel,2025-07-25,8.0,278.65
5084,Karen Taylor,karen.taylor17@example.com,(453) 727-9550,South,Beauty,2025-04-02,8.0,276.04
5093,Elizabeth Martinez,elizabeth.martinez61@example.com,(421) 892-6891,South,Electronics,2025-05-29,5.0,152.24
5302,Linda Miller,linda.miller53@example.com,(548) 309-9781,Central,Apparel,2025-06-09,6.0,73.15
5020,James Williams,james.williams59@example.com,(203) 578-3723,Central,Beauty,2025-01-02,3.0,37.4
5559,William Martin,william.martin81@example.com,(293) 298-5892,East,Electronics,2025-08-24,3.0,268.49
5186,Patricia Miller,Unknown,Unknown,West,Apparel,2025-03-10,7.0,51.99
5228,James Brown,jamesbrown,(887) 994-3967,South,Beauty,2025-02-07,1.0,284.2
5210,Susan Hernandez,susan.hernandez65@example.com,(222) 208-8492,East,Apparel,2025-06-15,4.0,275.78
5334,Jennifer Rodriguez,jennifer.rodriguez88@example.com,(633) 606-9760,Central,Home & Living,2025-03-15,4.0,192.72
5528,Susan Martin,susan.martin8@example.com,(905) 290-7446,South,Electronics,2025-05-05,7.0,88.75
5232,Elizabeth Wilson,elizabeth.wilson32@example.com,(566) 757-7225,East,Beauty,2025-05-12,7.0,124.85
5509,Richard Brown,richard.brown31@example.com,(432) 786-2969,North,Beauty,2025-05-22,7.0,117.46
5429,Jennifer Brown,jennifer.brown4@example.com,(814) 393-3850,Central,Electronics,2025-02-14,7.0,207.9
5315,Michael Jones,michael.jones97@example.com,(362) 363-3204,East,Home & Living,2025-03-13,6.0,183.14
5552,Jennifer Anderson,jennifer.anderson1@example.com,(342) 997-4543,South,Apparel,2025-04-21,3.0,278.54
5239,William Williams,william.williams11@example.com,(722) 547-5290,West,Electronics,2025-03-07,7.0,12.59
5138,Sarah Lopez,sarah.lopez92@example.com,(331) 927-4097,Central,Apparel,2025-05-15,8.0,216.41
5026,Michael Anderson,michael.anderson69@example.com,(622) 411-4708,North,Apparel,2025-06-05,7.0,197.58
5670,Sarah Gonzalez,sarah.gonzalez60@example.com,(811) 801-9365,Central,Apparel,2025-04-06,3.0,222.28
5766,Patricia Jackson,patricia.jackson45@example.com,(997) 767-5025,North,Beauty,2025-06-19,6.0,232.83
5341,Michael Gonzalez,michaelgonzalez,(371) 371-6981,West,Beauty,2025-08-06,6.0,183.63
5062,Patricia Taylor,patricia.taylor22@example.com,(407) 252-6470,Central,Beauty,2025-04-17,4.0,90.1
5308,Linda Brown,linda.brown58@example.com,(956) 769-9142,Central,Apparel,2025-01-27,2.0,115.54
5159,Karen Lopez,karen.lopez8@example.com,(964) 422-1991,East,Beauty,2025-04-04,2.0,22.07
5524,Thomas Taylor,thomas.taylor34@example.com,(459) 595-9392,West,Home & Living,2025-06-22,5.0,35.79
5472,David Garcia,david.garcia77@example.com,(868) 969-1869,Central,Electronics,2025-07-08,1.0,230.96
5018,Michael Hernandez,michael.hernandez88@example.com,Unknown,South,Electronics,2025-03-24,5.0,284.03
5068,Charles Davis,charles.davis54@example.com,(486) 505-6893,South,Home & Living,2025-03-22,3.0,47.77
5724,David Anderson,david.anderson40@example.com,(959) 377-7132,South,Apparel,2025-02-26,1.0,117.58
5637,Michael Jackson,michael.jackson63@example.com,(931) 967-9312,North,Home & Living,2025-03-25,2.0,253.49
5113,David Martinez,david.martinez19@example.com,(389) 217-2054,East,Home & Living,2025-07-14,2.0,250.36
5717,Sarah Taylor,sarah.taylor31@example.com,(887) 455-6889,West,Beauty,2025-06-01,3.0,291.89
5517,Michael Wilson,Unknown,(775) 887-3730,Central,Electronics,2025-03-24,4.0,53.94
5798,Barbara Gonzalez,barbara.gonzalez10@example.com,Unknown,Central,Electronics,2025-06-02,6.0,84.39
5103,James Brown,james.brown97@example.com,(935) 934-2804,Central,Beauty,2025-01-06,5.0,175.75
5416,Linda Taylor,linda.taylor44@example.com,Unknown,Central,Beauty,2025-06-06,1.0,89.74
5675,Mary Williams,mary.williams96@example.com,(305) 621-6362,West,Beauty,2025-03-13,5.0,293.9
5488,Michael Taylor,michael.taylor5@example.com,(806) 966-9991,Central,Home & Living,2025-06-24,5.0,82.54
5474,Linda Martinez,linda.martinez48@example.com,Unknown,South,Beauty,2025-06-12,3.0,174.46
5629,Linda Moore,linda.moore42@example.com,(269) 685-1848,Central,Apparel,2025-04-17,4.0,225.28
5731,Elizabeth Williams,elizabeth.williams67@example.com,(664) 974-4260,South,Home & Living,2025-01-17,1.0,158.93
5292,David Martin,david.martin76@example.com,(537) 489-2327,Central,Beauty,2025-01-18,5.0,39.91
5264,Jennifer Jackson,jennifer.jackson13@example.com,(456) 213-1846,South,Beauty,2025-01-21,8.0,116.97
5252,Jessica Davis,jessica.davis10@example.com,(556) 803-8293,East,Electronics,2025-08-24,8.0,158.93
5606,Karen Moore,karen.moore94@example.com,(782) 341-5414,North,Home & Living,2025-05-26,4.0,107.25
5689,Thomas Garcia,thomas.garcia66@example.com,(275) 617-2690,South,Beauty,2025-04-18,1.0,181.93
5813,John Taylor,john.taylor30@example.com,(872) 371-6711,North,Beauty,2025-04-26,7.0,93.31
5002,Linda Johnson,lindajohnson,(958) 290-3045,West,Beauty,2025-03-26,8.0,211.23
5550,David Davis,david.davis31@example.com,(471) 904-1667,Central,Beauty,2025-01-11,2.0,108.26
5376,Jessica Thomas,jessica.thomas57@example.com,(510) 488-8200,Central,Apparel,2025-07-25,1.0,158.93
5809,Charles Johnson,charles.johnson30@example.com,Unknown,East,Electronics,2025-08-03,1.0,161.63
5654,Elizabeth Hernandez,elizabeth.hernandez72@example.com,(434) 912-7101,North,Apparel,2025-07-14,3.0,112.3
5368,David Moore,david.moore37@example.com,(864) 956-6689,North,Home & Living,2025-04-27,5.0,58.94
5403,Jessica Martinez,jessica.martinez89@example.com,Unknown,South,Home & Living,2025-01-04,6.0,123.46
5698,James Smith,james.smith43@example.com,(368) 272-9060,South,Apparel,2025-06-28,3.0,161.17
5003,James Anderson,james.anderson26@example.com,(873) 972-2162,West,Apparel,2025-06-20,8.0,261.1
5096,Richard Garcia,Unknown,(607) 426-6634,West,Beauty,2025-02-15,1.0,238.68
5536,John Davis,john.davis73@example.com,(651) 579-3295,Central,Home & Living,2025-04-20,6.0,56.43
5497,Barbara Anderson,barbara.anderson60@example.com,(354) 490-8965,North,Apparel,2025-04-30,2.0,119.93
5711,James Thomas,james.thomas55@example.com,(349) 273-3693,North,Apparel,2025-02-25,4.0,37.04
5768,Linda Martinez,linda.martinez7@example.com,(582) 885-7508,Central,Beauty,2025-03-24,1.0,268.44
5285,James Miller,james.miller82@example.com,(271) 392-8600,West,Beauty,2025-05-08,5.0,171.88
5212,Sarah Rodriguez,Unknown,(933) 676-8529,North,Beauty,2025-05-05,7.0,60.72
5411,Richard Gonzalez,richard.gonzalez12@example.com,(219) 411-4100,South,Apparel,2025-04-04,5.0,74.08
5646,Joseph Martinez,joseph.martinez17@example.com,(267) 233-6182,Central,Electronics,2025-08-25,8.0,119.23
5174,Thomas Martinez,thomasmartinez,(771) 795-1235,Central,Home & Living,2025-06-02,2.0,70.88
5288,Jessica Smith,jessica.smith38@example.com,(313) 343-2527,West,Home & Living,2025-01-25,4.0,216.91
5657,Jessica Johnson,jessica.johnson68@example.com,(623) 631-2206,South,Home & Living,2025-03-03,6.0,141.87
5143,Susan Gonzalez,susan.gonzalez46@example.com,(754) 724-6770,South,Home & Living,2025-08-25,1.0,103.49
5413,Jennifer Williams,jennifer.williams37@example.com,(589) 756-4957,Central,Apparel,2025-06-16,4.0,180.03
5193,Mary Smith,mary.smith28@example.com,(986) 927-9530,North,Electronics,2025-07-31,6.0,207.43
5402,Linda Martin,linda.martin18@example.com,Unknown,East,Apparel,2025-08-22,2.0,207.4
5230,Karen Hernandez,karenhernandez,(380) 880-2891,South,Electronics,2025-06-08,5.0,24.91
5725,Karen Martinez,karen.martinez61@example.com,(546) 560-4336,West,Apparel,2025-01-21,5.0,78.13
5218,Barbara Rodriguez,barbara.rodriguez93@example.com,(970) 398-1622,South,Electronics,2025-04-02,1.0,122.97
5598,Susan Lopez,susan.lopez64@example.com,Unknown,North,Home & Living,2025-02-26,1.0,83.99
5155,William Brown,william.brown59@example.com,(457) 951-7251,Central,Electronics,2025-07-17,8.0,101.78
5431,Mary Garcia,mary.garcia88@example.com,(874) 452-5405,Central,Electronics,2025-01-10,6.0,82.16
5404,Linda Jones,lindajones,(993) 322-5342,East,Beauty,2025-02-10,4.0,21.43
5182,James Hernandez,jameshernandez,(766) 431-3985,Central,Beauty,2025-07-26,5.0,228.53
5336,Barbara Martinez,barbaramartinez,(586) 733-2112,North,Electronics,2025-04-10,5.0,93.6
5712,Sarah Wilson,sarah.wilson43@example.com,(728) 354-1398,West,Electronics,2025-06-01,2.0,240.87
5075,Patricia Garcia,patriciagarcia,(280) 895-9036,North,Apparel,2025-01-19,7.0,56.02
5415,Robert Jones,robert.jones62@example.com,(503) 662-7267,Central,Electronics,2025-06-21,3.0,184.49
5436,Linda Jackson,linda.jackson62@example.com,(995) 487-1824,North,Home & Living,2025-02-27,5.0,161.86
5660,Karen Wilson,karen.wilson13@example.com,(866) 513-3392,South,Beauty,2025-04-27,6.0,236.02
5626,Charles Miller,charles.miller83@example.com,(328) 939-6786,North,Beauty,2025-07-25,6.0,158.93
5641,Barbara Jackson,barbara.jackson28@example.com,(259) 954-2616,West,Beauty,2025-08-07,7.0,158.93
5234,Linda Rodriguez,linda.rodriguez55@example.com,(881) 876-6520,Central,Electronics,2025-07-21,2.0,92.55
5021,Robert Jackson,robert.jackson75@example.com,(218) 874-2196,Central,Home & Living,2025-04-17,5.0,75.27
5009,Barbara Martin,barbara.martin4@example.com,(533) 859-5092,West,Apparel,2025-02-05,7.0,208.73
5763,Sarah Martin,sarah.martin95@example.com,(418) 767-6631,East,Home & Living,2025-05-01,5.0,158.93
5610,Joseph Johnson,joseph.johnson88@example.com,(972) 905-2866,South,Beauty,2025-03-12,5.0,68.19
5590,David Anderson,david.anderson77@example.com,(948) 519-7880,West,Home & Living,2025-03-25,7.0,47.71
5031,Robert Thomas,robert.thomas59@example.com,(403) 809-6459,Central,Electronics,2025-07-12,6.0,200.2
5291,Sarah Williams,sarahwilliams,(665) 818-6602,North,Apparel,2025-07-02,8.0,158.92
5253,Thomas Anderson,thomas.anderson57@example.com,(755) 864-6233,West,Electronics,2025-06-26,2.0,238.16
5070,Robert Moore,robert.moore67@example.com,(901) 861-4732,Central,Electronics,2025-02-10,7.0,141.45
5088,James Lopez,james.lopez5@example.com,(664) 678-5660,West,Home & Living,2025-06-03,5.0,41.84
5115,Robert Davis,robert.davis47@example.com,(792) 455-3873,West,Apparel,2025-05-27,3.0,276.72
5549,James Garcia,james.garcia17@example.com,(282) 246-8990,East,Home & Living,2025-04-02,7.0,244.67
5092,Jessica Anderson,jessica.anderson78@example.com,(302) 952-9541,Central,Electronics,2025-01-01,3.0,236.15
5466,Sarah Thomas,sarah.thomas68@example.com,(438) 660-3164,West,Home & Living,2025-02-08,7.0,89.09
5168,Jessica Hernandez,jessica.hernandez82@example.com,(853) 814-7886,Central,Beauty,2025-04-24,4.0,237.87
5408,John Rodriguez,john.rodriguez26@example.com,(475) 995-4211,North,Home & Living,2025-08-11,1.0,58.71
5617,John Brown,john.brown19@example.com,(497) 648-1492,South,Beauty,2025-06-15,8.0,195.52
5321,Jennifer Johnson,Unknown,(337) 471-1592,West,Electronics,2025-06-20,4.0,254.88
5797,Jennifer Williams,jennifer.williams53@example.com,(601) 914-8050,North,Electronics,2025-01-13,6.0,47.72
5586,Joseph Davis,joseph.davis10@example.com,(351) 844-6682,East,Electronics,2025-06-08,5.0,189.36
5078,John Martinez,john.martinez55@example.com,(576) 209-3503,East,Electronics,2025-08-08,5.0,75.45
5567,Barbara Williams,barbara.williams56@example.com,(791) 491-9149,West,Electronics,2025-06-13,1.0,85.13
5532,Robert Jackson,robert.jackson17@example.com,(684) 283-2940,East,Home & Living,2025-06-17,2.0,86.41
5599,Jennifer Anderson,jennifer.anderson64@example.com,(546) 693-2969,South,Beauty,2025-10-05,1.0,228.36
5691,John Davis,john.davis4@example.com,(977) 997-1044,Central,Electronics,2025-02-21,4.0,254.89
5258,Joseph Brown,joseph.brown38@example.com,(353) 260-5079,North,Electronics,2025-02-05,6.0,231.43
5256,James Miller,james.miller37@example.com,(698) 729-5435,North,Electronics,2025-01-14,5.0,250.39
5792,Karen Gonzalez,karen.gonzalez69@example.com,(539) 767-3674,East,Electronics,2025-08-05,2.0,280.46
5498,Patricia Brown,patricia.brown58@example.com,(424) 748-4789,Central,Electronics,2025-02-19,1.0,104.38
5131,William Gonzalez,william.gonzalez23@example.com,(476) 858-4320,South,Apparel,2025-07-17,4.0,99.13
5101,Robert Martin,robert.martin95@example.com,(768) 920-5437,West,Electronics,2025-02-26,5.0,220.25
5172,Joseph Hernandez,joseph.hernandez61@example.com,(904) 886-1609,West,Home & Living,2025-06-21,1.0,254.08
5810,Karen Davis,karen.davis1@example.com,(241) 977-1812,North,Beauty,2025-02-08,2.0,44.88
5703,Jessica Rodriguez,jessica.rodriguez16@example.com,(599) 203-8376,West,Home & Living,2025-07-24,4.0,47.74
5757,Richard Gonzalez,richard.gonzalez93@example.com,(408) 834-9353,Central,Beauty,2025-01-25,8.0,213.15
5454,John Davis,john.davis22@example.com,(218) 221-9428,West,Home & Living,2025-04-26,6.0,273.33
5828,Linda Thomas,linda.thomas87@example.com,(380) 569-8448,East,Electronics,2025-03-04,5.0,78.33
5656,Sarah Wilson,sarah.wilson39@example.com,(576) 930-5318,East,Beauty,2025-05-05,4.0,144.21
5752,David Gonzalez,david.gonzalez44@example.com,(276) 918-2316,East,Beauty,2025-05-09,8.0,79.51
5201,Richard Martin,Unknown,(679) 274-5411,East,Home & Living,2025-01-24,5.0,66.56
5203,Susan Williams,susan.williams34@example.com,(454) 885-6026,West,Beauty,2025-06-13,8.0,196.16
5713,Charles Hernandez,charles.hernandez55@example.com,Unknown,East,Electronics,2025-08-16,5.0,187.14
5661,Karen Smith,karen.smith14@example.com,(329) 724-5556,South,Electronics,2025-05-29,7.0,285.78
5456,Jennifer Thomas,jennifer.thomas18@example.com,(633) 594-2716,North,Apparel,2025-05-28,1.0,171.02
5634,Elizabeth Jones,elizabeth.jones14@example.com,(895) 781-4860,Central,Apparel,2025-04-15,5.0,298.16
5137,Patricia Lopez,patricialopez,(238) 267-6202,West,Electronics,2025-06-20,8.0,223.0
5521,William Davis,william.davis10@example.com,(310) 771-2694,North,Home & Living,2025-05-13,5.0,279.75
5570,James Rodriguez,james.rodriguez83@example.com,(704) 508-1359,West,Home & Living,2025-05-01,4.0,241.22
5379,Barbara Thomas,barbara.thomas22@example.com,(446) 938-5446,West,Electronics,2025-08-18,8.0,299.83
5707,Robert Miller,robert.miller90@example.com,(676) 533-5008,West,Beauty,2025-08-12,5.0,16.84
5271,Robert Garcia,robert.garcia16@example.com,(808) 902-9405,East,Electronics,2025-06-21,5.0,70.65
5607,Susan Lopez,susan.lopez74@example.com,(211) 588-9528,South,Beauty,2025-04-03,2.0,43.75
5064,Susan Lopez,susan.lopez76@example.com,(922) 675-2323,West,Electronics,2025-05-19,1.0,290.92
5394,James Moore,james.moore48@example.com,(403) 446-4628,East,Apparel,2025-03-12,5.0,287.53
5071,Robert Taylor,Unknown,(218) 468-5047,North,Beauty,2025-05-23,7.0,102.52
5535,Sarah Moore,sarah.moore21@example.com,(285) 434-8319,South,Electronics,2025-05-12,4.0,248.27
5272,James Martin,james.martin24@example.com,(927) 654-2674,West,Beauty,2025-04-30,7.0,11.8
5544,Jessica Martinez,jessica.martinez79@example.com,(436) 283-3877,South,Apparel,2025-05-15,4.0,46.82
5161,John Jones,john.jones33@example.com,(411) 600-4627,West,Electronics,2025-01-03,8.0,230.03
5170,David Lopez,Unknown,Unknown,South,Beauty,2025-04-25,4.0,169.44
5037,Linda Miller,linda.miller52@example.com,(793) 693-3984,Central,Beauty,2025-03-23,7.0,19.94
5244,David Williams,david.williams41@example.com,(554) 226-5149,Central,Apparel,2025-08-17,4.0,255.51
5083,William Miller,william.miller97@example.com,(538) 742-9377,North,Apparel,2025-06-14,6.0,283.53
5261,Patricia Lopez,patricia.lopez86@example.com,(701) 633-2201,East,Electronics,2025-08-07,4.0,218.86
5373,Susan Jackson,susanjackson,(864) 812-6312,West,Beauty,2025-10-06,5.0,215.58
5023,Elizabeth Smith,elizabeth.smith64@example.com,(868) 609-3591,North,Electronics,2025-03-04,6.0,27.03
5338,David Lopez,david.lopez13@example.com,(581) 972-5133,Central,Home & Living,2025-07-23,8.0,195.87
5309,Karen Moore,karen.moore74@example.com,(549) 750-1427,South,Home & Living,2025-06-05,6.0,132.12
5841,Patricia Smith,patricia.smith28@example.com,(428) 640-1295,West,Electronics,2025-07-24,8.0,224.75
5508,Elizabeth Garcia,Unknown,(393) 665-7169,East,Home & Living,2025-02-20,1.0,44.95
5221,Jessica Wilson,jessica.wilson98@example.com,(487) 691-5434,East,Electronics,2025-02-28,8.0,44.81
5014,Patricia Williams,patriciawilliams,(644) 243-5047,West,Electronics,2025-05-01,7.0,263.93
5834,James Hernandez,Unknown,(411) 460-9181,South,Beauty,2025-07-13,7.0,130.13
5673,Joseph Williams,joseph.williams36@example.com,(983) 358-9292,Central,Electronics,2025-08-14,8.0,205.29
5585,Robert Miller,robert.miller52@example.com,(234) 852-6243,South,Beauty,2025-02-03,6.0,181.4
5512,Michael Smith,michael.smith72@example.com,(285) 931-2248,East,Apparel,2025-05-07,2.0,220.71
5178,Susan Gonzalez,susangonzalez,(427) 809-8123,Central,Apparel,2025-07-01,6.0,61.72
5277,William Gonzalez,william.gonzalez54@example.com,(646) 221-6785,North,Beauty,2025-03-17,5.0,152.36
5548,David Johnson,davidjohnson,(428) 389-8953,Central,Electronics,2025-02-19,6.0,283.61
5720,Robert Williams,robert.williams77@example.com,(396) 686-2858,North,Beauty,2025-03-24,6.0,208.58
5477,Jennifer Wilson,jennifer.wilson10@example.com,(645) 984-2580,North,Beauty,2025-02-03,8.0,33.34
5226,Thomas Davis,thomas.davis33@example.com,(424) 672-6113,North,Apparel,2025-08-07,5.0,172.05
5633,William Anderson,william.anderson56@example.com,(933) 949-4771,West,Electronics,2025-01-31,8.0,46.92
5217,Jessica Davis,jessica.davis16@example.com,(218) 996-1518,Central,Apparel,2025-02-23,1.0,66.74
5030,Linda Garcia,linda.garcia98@example.com,(256) 227-7069,North,Home & Living,2025-02-20,4.0,262.25
5701,Joseph Jones,joseph.jones26@example.com,(549) 801-3054,Central,Electronics,2025-06-14,5.0,278.53
5723,Susan Martin,susan.martin12@example.com,(211) 720-4259,South,Home & Living,2025-03-20,5.0,17.61
5181,Richard Williams,richard.williams12@example.com,(444) 457-5987,East,Beauty,2025-04-01,3.0,78.0
5746,David Thomas,david.thomas66@example.com,(432) 204-7641,South,Home & Living,2025-06-09,8.0,49.85
5460,Richard Martinez,richard.martinez13@example.com,(795) 342-1043,North,Home & Living,2025-04-07,7.0,128.56
5779,Sarah Martinez,sarah.martinez16@example.com,(723) 226-2253,East,Electronics,2025-05-06,6.0,132.84
5678,Robert Thomas,robert.thomas30@example.com,(354) 656-5297,Central,Apparel,2025-03-23,2.0,248.09
5639,James Johnson,james.johnson67@example.com,(631) 889-1754,North,Electronics,2025-02-19,1.0,131.08
5849,Jessica Martin,jessica.martin36@example.com,(833) 346-9571,South,Apparel,2025-07-11,8.0,31.04
5475,William Smith,william.smith87@example.com,Unknown,North,Electronics,2025-06-23,5.0,231.95
5265,Joseph Martinez,joseph.martinez59@example.com,(351) 643-9242,Central,Electronics,2025-03-14,1.0,274.41
5065,Charles Rodriguez,charlesrodriguez,(470) 723-3648,East,Home & Living,2025-07-04,3.0,288.13
5824,Jennifer Wilson,jennifer.wilson85@example.com,(721) 397-2933,East,Beauty,2025-06-11,8.0,213.4
5215,William Moore,william.moore97@example.com,Unknown,South,Home & Living,2025-01-02,6.0,11.42
5816,John Garcia,john.garcia32@example.com,(523) 750-8613,South,Home & Living,2025-06-06,6.0,156.94
5799,Jessica Gonzalez,Unknown,(896) 474-8462,East,Beauty,2025-11-03,6.0,14.42
5176,Joseph Lopez,joseph.lopez59@example.com,(410) 401-5923,South,Home & Living,2025-08-26,4.0,158.93
5399,Thomas Brown,thomas.brown90@example.com,(733) 846-2910,Central,Beauty,2025-04-09,3.0,275.74
5173,Sarah Moore,sarah.moore1@example.com,(677) 289-9399,South,Electronics,2025-01-13,1.0,119.46
5333,Richard Thomas,richard.thomas77@example.com,(544) 940-5245,South,Electronics,2025-08-15,5.0,214.39
5033,Barbara Smith,barbara.smith91@example.com,(712) 750-9991,North,Beauty,2025-02-01,1.0,298.94
5032,John Martinez,Unknown,(543) 864-9562,East,Home & Living,2025-05-12,3.0,154.28
5745,Mary Johnson,maryjohnson,(362) 620-8403,Central,Home & Living,2025-03-22,3.0,263.97
5236,John Rodriguez,john.rodriguez82@example.com,(602) 817-4933,West,Apparel,2025-02-23,8.0,257.29
5375,Jessica Taylor,jessica.taylor61@example.com,(454) 235-6351,West,Beauty,2025-02-22,1.0,194.8
5398,Joseph Miller,joseph.miller94@example.com,(858) 968-2013,South,Apparel,2025-04-04,8.0,40.55
5409,Jennifer Williams,jennifer.williams67@example.com,(798) 698-9306,West,Electronics,2025-05-21,4.0,10.68
5700,Linda Brown,linda.brown64@example.com,(371) 482-9695,East,Beauty,2025-04-20,8.0,249.58
5686,Elizabeth Thomas,elizabeth.thomas14@example.com,(945) 399-7104,West,Electronics,2025-08-15,2.0,269.65
5419,Richard Jones,richard.jones58@example.com,Unknown,North,Beauty,2025-07-31,4.0,113.6
5390,Jessica Anderson,jessica.anderson46@example.com,Unknown,East,Apparel,2025-03-02,4.0,264.6
5832,Linda Smith,linda.smith23@example.com,(304) 551-4649,East,Electronics,2025-04-09,1.0,64.66
5551,Linda Lopez,linda.lopez85@example.com,Unknown,West,Electronics,2025-03-04,5.0,14.94
5266,Robert Wilson,robert.wilson23@example.com,(349) 303-7189,Central,Beauty,2025-02-10,4.0,15.47
5015,William Jackson,Unknown,(376) 703-7111,West,Beauty,2025-03-25,4.0,193.22
5095,Sarah Brown,sarah.brown3@example.com,(390) 588-1368,Central,Apparel,2025-05-07,6.0,189.45
5529,Linda Garcia,linda.garcia77@example.com,(959) 328-5490,East,Apparel,2025-07-10,2.0,95.74
5392,Jessica Jones,jessica.jones57@example.com,(560) 618-3529,East,Beauty,2025-01-29,6.0,78.81
5730,Barbara Jones,barbara.jones86@example.com,(366) 212-1687,East,Home & Living,2025-04-06,8.0,165.15
5802,Linda Miller,linda.miller45@example.com,(722) 832-2099,West,Apparel,2025-01-30,5.0,215.75
5079,David Moore,david.moore19@example.com,Unknown,South,Home & Living,2025-04-24,2.0,51.78
5604,Robert Thomas,robert.thomas44@example.com,(324) 409-8330,Central,Electronics,2025-08-16,3.0,250.8
5388,James Hernandez,james.hernandez9@example.com,(976) 662-8739,North,Home & Living,2025-09-04,7.0,142.52
5184,Barbara Gonzalez,barbara.gonzalez18@example.com,(534) 543-6628,South,Electronics,2025-05-03,2.0,100.3
5450,Sarah Martinez,sarah.martinez74@example.com,(519) 297-1480,North,Home & Living,2025-03-31,1.0,171.38
5381,Robert Garcia,robert.garcia64@example.com,(522) 317-2427,West,Electronics,2025-04-22,6.0,50.09
5492,Mary Lopez,mary.lopez84@example.com,(449) 964-2364,North,Apparel,2025-04-23,6.0,178.17
5780,Jennifer Hernandez,jennifer.hernandez68@example.com,(502) 985-4415,South,Electronics,2025-03-25,8.0,58.81
5191,Charles Smith,charles.smith81@example.com,(284) 225-8107,East,Apparel,2025-04-26,6.0,139.26
5622,Robert Jackson,robert.jackson33@example.com,(348) 787-1717,West,Home & Living,2025-02-14,3.0,43.88
5365,David Rodriguez,david.rodriguez11@example.com,(842) 270-8845,Central,Home & Living,2025-06-04,1.0,105.06
5136,Susan Hernandez,susan.hernandez65@example.com,(868) 803-9844,Central,Home & Living,2025-06-25,2.0,156.71
5246,Karen Wilson,karen.wilson99@example.com,(625) 866-9516,East,Home & Living,2025-05-03,2.0,46.59
5275,Susan Brown,susan.brown58@example.com,(512) 249-9391,East,Home & Living,2025-01-31,1.0,225.65
5148,Jennifer Thomas,jennifer.thomas50@example.com,(907) 371-1840,East,Beauty,2025-01-08,1.0,113.52
5106,Linda Anderson,linda.anderson50@example.com,(551) 606-1595,Central,Electronics,2025-02-22,3.0,54.52
5295,Jennifer Jones,jennifer.jones13@example.com,(387) 919-8510,West,Electronics,2025-10-03,3.0,131.8
5325,Robert Brown,robert.brown89@example.com,(782) 683-3763,Central,Apparel,2025-01-23,7.0,252.84
5771,Sarah Davis,sarahdavis,(610) 440-9752,East,Home & Living,2025-07-28,6.0,14.76
5800,Patricia Garcia,patriciagarcia,Unknown,Central,Electronics,2025-07-08,2.0,39.01
5540,William Lopez,william.lopez32@example.com,(405) 679-5876,West,Home & Living,2025-03-14,8.0,162.79
5692,Michael Hernandez,michael.hernandez33@example.com,(223) 714-5326,West,Home & Living,2025-08-01,1.0,119.34
5677,Barbara Taylor,barbara.taylor70@example.com,(842) 771-4056,East,Electronics,2025-05-24,1.0,158.38
5111,Thomas Anderson,thomas.anderson77@example.com,(495) 545-3746,West,Home & Living,2025-01-29,1.0,90.66
5769,David Martinez,david.martinez16@example.com,(219) 283-6991,East,Electronics,2025-05-30,3.0,151.96
5827,Jessica Smith,jessica.smith67@example.com,(886) 631-7859,Central,Beauty,2025-07-24,3.0,50.41
5006,Jennifer Williams,jennifer.williams95@example.com,(554) 702-9292,West,Apparel,2025-06-23,4.0,128.02
5145,Susan Gonzalez,susan.gonzalez61@example.com,(648) 766-9692,East,Electronics,2025-11-05,3.0,26.37
5104,Jennifer Garcia,jennifer.garcia17@example.com,(834) 338-6808,South,Apparel,2025-06-22,7.0,139.71
5211,Susan Moore,susan.moore71@example.com,(665) 453-1581,East,Home & Living,2025-07-13,8.0,255.33
5447,Charles Miller,charles.miller82@example.com,(925) 588-6615,South,Beauty,2025-02-20,7.0,193.23
5042,Barbara Jones,Unknown,(840) 791-5471,North,Apparel,2025-03-25,7.0,248.11
5363,Linda Rodriguez,Unknown,(414) 635-9571,West,Apparel,2025-10-06,6.0,98.79
5650,Susan Jackson,susan.jackson59@example.com,(255) 258-9934,East,Apparel,2025-04-12,4.0,271.81
5378,Charles Jones,Unknown,(707) 954-7208,West,Home & Living,2025-02-06,7.0,134.72
5255,Susan Miller,susan.miller25@example.com,(621) 234-1568,East,Apparel,2025-06-29,1.0,43.35
5147,Barbara Martin,barbara.martin29@example.com,(291) 293-6793,Central,Beauty,2025-04-17,3.0,35.82
5638,James Jones,james.jones30@example.com,(311) 786-4251,South,Apparel,2025-06-20,7.0,158.93
5087,Robert Smith,robert.smith70@example.com,(883) 599-9562,East,Home & Living,2025-06-03,3.0,213.26
5543,Mary Johnson,mary.johnson87@example.com,(402) 577-1998,Central,Apparel,2025-07-25,4.0,196.52
5432,Elizabeth Johnson,elizabeth.johnson50@example.com,(994) 517-6430,Central,Home & Living,2025-03-07,4.0,107.54
5066,Richard Martin,richard.martin33@example.com,(848) 956-6573,North,Beauty,2025-07-23,6.0,120.4
5716,Elizabeth Jones,elizabeth.jones53@example.com,(837) 998-4189,Central,Home & Living,2025-04-25,7.0,173.6
5206,David Smith,david.smith53@example.com,(333) 958-1902,Central,Apparel,2025-04-28,8.0,228.28
5045,Joseph Martinez,joseph.martinez90@example.com,(557) 338-9682,Central,Home & Living,2025-01-02,5.0,144.34
5028,Michael Brown,michael.brown64@example.com,(866) 417-5144,East,Home & Living,2025-02-11,7.0,187.94
5081,Linda Martin,linda.martin56@example.com,Unknown,South,Home & Living,2025-05-08,3.0,136.19
5438,Jessica Williams,jessica.williams13@example.com,(275) 275-2894,Central,Home & Living,2025-04-15,8.0,63.93
5114,Joseph Martinez,joseph.martinez24@example.com,(848) 613-7724,North,Apparel,2025-02-26,4.0,38.63
5205,Michael Miller,michael.miller17@example.com,(949) 891-9568,East,Beauty,2025-03-08,7.0,158.93
5520,Michael Anderson,michael.anderson57@example.com,(758) 899-8213,West,Apparel,2025-07-07,2.0,244.59
5721,Charles Brown,charles.brown96@example.com,(593) 332-9367,East,Apparel,2025-02-03,4.0,290.39
5671,Robert Davis,robert.davis82@example.com,(769) 485-2979,East,Beauty,2025-06-20,7.0,165.92
5625,Charles Johnson,charles.johnson72@example.com,(686) 506-5311,South,Beauty,2025-02-20,5.0,220.99
5412,Jennifer Jones,jennifer.jones84@example.com,Unknown,West,Apparel,2025-05-23,6.0,61.95
5744,David Lopez,david.lopez35@example.com,(549) 487-6800,East,Home & Living,2025-04-25,1.0,158.93
5741,Elizabeth Gonzalez,elizabeth.gonzalez71@example.com,(990) 631-4238,North,Home & Living,2025-02-27,3.0,162.32
5074,Richard Martinez,richard.martinez85@example.com,(597) 510-8318,Central,Home & Living,2025-03-18,6.0,158.93
5401,Thomas Thomas,thomas.thomas63@example.com,(668) 626-4161,Central,Electronics,2025-05-01,7.0,59.26
5119,William Williams,william.williams31@example.com,(966) 492-5464,East,Apparel,2025-08-09,1.0,165.47
5702,Joseph Anderson,joseph.anderson69@example.com,(766) 873-3373,Central,Home & Living,2025-03-24,6.0,257.51
5207,David Martin,david.martin11@example.com,(262) 784-1819,East,Home & Living,2025-08-12,3.0,183.21
